Timestamp,Asset_ID,Latitude,Longitude,Inventory_Level,Shipment_Status,Temperature,Humidity,Traffic_Status,Waiting_Time,User_Transaction_Amount,User_Purchase_Frequency,Logistics_Delay_Reason,Asset_Utilization,Demand_Forecast,Logistics_Delay
2024-03-20 00:11:14,7,-65.7383,11.2497,390,0,27.0,67.8,1,38,320,3,3,60.1,285,1
2024-10-30 07:53:51,6,22.2748,-131.7086,491,2,22.5,54.3,2,16,439,6,2,80.9,174,1
2024-07-29 18:42:48,1,54.9232,79.5455,190,2,25.2,62.2,1,34,355,2,3,99.2,260,0
2024-10-28 00:50:54,9,42.39,-1.4788,330,1,25.4,52.3,2,37,227,4,1,97.4,160,1
2024-09-27 15:52:58,7,-65.8477,47.9468,480,0,20.5,57.2,0,56,197,5,3,71.6,270,1
2024-09-17 06:02:15,7,73.3312,46.5831,118,2,24.3,61.8,0,56,258,9,3,66.8,189,0
2024-02-05 08:38:56,4,27.9307,147.5317,480,0,20.7,75.4,0,32,263,2,3,73.3,198,1
2024-09-28 09:08:23,9,46.5643,-126.5348,222,2,23.3,64.2,1,30,459,8,1,73.8,253,0
2024-01-18 08:27:04,9,-83.6737,-31.7125,245,1,26.4,77.2,0,14,183,1,3,69.6,206,0
2024-11-09 00:48:26,2,54.1683,-135.2676,389,2,21.9,57.3,0,52,127,6,0,63.1,224,0
2024-01-09 23:19:43,9,82.9633,-154.5274,319,0,22.0,53.5,0,28,360,3,3,69.8,171,1
2024-02-02 22:28:16,1,-25.2768,156.1262,234,1,29.7,63.6,1,13,406,9,1,85.5,238,0
2024-02-17 21:14:42,8,-65.526,-3.0202,154,2,21.5,74.2,1,38,215,2,2,84.4,114,0
2024-03-04 06:44:50,2,-26.1836,-30.3641,348,1,27.3,71.6,1,30,211,1,3,96.4,115,0
2024-08-28 12:19:14,3,2.6709,-80.8879,163,2,25.1,76.8,2,54,320,4,2,93.2,231,1
2024-01-04 22:52:43,5,-22.4793,-54.5143,130,0,23.7,68.1,0,45,487,3,1,84.1,256,1
2024-10-30 17:52:03,4,-34.5353,-40.8617,391,0,21.6,72.5,0,58,298,6,1,61.5,170,1
2024-07-15 15:42:02,7,-8.7105,-17.8347,344,0,21.4,53.5,1,23,461,8,3,93.4,106,1
2024-01-19 06:42:30,5,14.6629,116.0696,409,0,27.5,66.6,1,29,492,2,3,72.6,204,1
2024-04-28 21:23:34,1,75.7743,108.9425,457,2,25.5,75.9,0,21,315,2,1,83.4,248,0
2024-03-06 20:00:26,5,50.3419,108.5647,207,1,29.3,59.4,1,31,174,4,0,65.9,195,0
2024-11-20 16:38:07,8,-6.6729,132.6727,155,1,19.4,53.2,2,20,152,0,0,99.3,235,1
2024-01-07 09:13:28,6,-74.1751,-102.7331,314,1,19.9,64.8,1,57,396,9,2,78.6,135,0
2024-09-25 15:12:12,1,-33.2264,169.6187,156,2,27.2,74.4,0,35,354,1,2,63.1,282,0
2024-02-11 13:30:18,2,-34.4469,93.1585,119,2,28.1,72.4,1,41,176,1,3,60.9,238,0
2024-11-20 11:22:13,3,-13.511,141.8454,112,2,19.7,76.6,1,22,121,2,1,80.9,262,0
2024-06-25 02:26:25,3,-22.427,108.2306,435,1,25.8,78.6,2,22,220,6,1,90.8,101,1
2024-06-25 00:01:12,9,43.3353,-12.0683,422,1,20.0,62.9,2,14,184,8,1,64.0,248,1
2024-05-02 02:33:56,4,-66.7517,161.45,353,2,20.5,52.0,2,26,392,6,1,76.4,155,1
2024-08-10 00:04:40,8,-65.7349,-173.3011,299,0,23.9,50.1,2,17,315,5,3,88.3,252,1
2024-05-13 03:20:21,0,-55.4768,18.2551,261,0,22.5,78.4,0,41,209,5,0,71.8,240,1
2024-12-02 08:32:47,8,5.9179,74.8254,425,0,19.3,51.1,2,39,235,8,0,88.3,242,1
2024-02-12 06:23:27,7,49.3929,-47.5805,369,1,26.3,52.1,1,48,104,6,3,66.7,220,0
2024-04-24 06:17:22,1,80.3158,70.765,223,0,24.0,60.2,2,45,292,5,2,78.4,205,1
2024-12-06 19:05:13,2,-19.8847,42.5062,200,1,28.1,72.1,1,28,129,8,3,74.3,134,0
2024-04-30 11:53:17,9,5.4555,-147.5455,466,2,26.1,72.1,1,54,475,8,0,83.4,222,0
2024-09-19 22:53:51,8,-19.2577,66.744,474,2,27.7,71.2,2,50,311,2,0,91.6,266,1
2024-12-22 15:08:14,6,-79.0792,-16.3423,490,1,23.1,75.2,2,14,460,6,3,87.8,261,1
2024-08-15 05:45:04,5,-1.6787,3.2441,126,1,29.6,67.6,1,19,201,8,2,84.1,255,0
2024-03-16 11:17:42,7,-8.2431,-12.4959,164,2,18.2,76.4,0,45,466,6,3,98.1,196,0
2024-12-28 11:40:55,2,-30.0701,135.6396,477,0,19.2,79.4,0,12,310,4,0,63.7,129,1
2024-02-04 18:55:58,5,61.8444,107.4835,245,2,24.2,56.9,1,39,379,1,1,66.4,183,0
2024-07-09 02:12:54,5,40.784,77.2346,172,0,25.2,67.6,0,40,274,6,2,66.3,170,1
2024-12-01 23:54:16,7,-68.3515,158.251,206,0,20.7,77.5,0,15,308,1,0,63.9,209,1
2024-06-22 13:26:02,6,-33.8378,73.3221,310,2,18.7,54.7,0,52,232,8,1,72.6,113,0
2024-07-27 15:50:46,2,69.6609,38.4464,225,1,19.0,63.0,2,17,282,5,2,99.6,265,1
2024-09-05 14:12:00,3,20.8843,1.3947,303,0,20.7,70.6,0,47,143,9,3,98.1,123,1
2024-11-11 22:09:53,0,-14.8081,-177.3003,237,0,20.7,78.3,2,35,491,1,3,80.7,189,1
2024-05-01 22:26:11,6,0.0414,-130.6505,172,1,18.2,79.9,0,46,258,2,0,60.1,154,0
2024-07-26 20:19:01,9,-79.9146,-3.8554,214,2,21.7,77.0,2,47,187,9,3,97.4,175,1
2024-08-09 01:16:43,3,76.4465,173.1493,330,0,24.0,52.9,2,14,425,0,0,89.8,289,1
2024-01-29 21:04:08,5,-15.6005,-92.1974,130,1,18.1,78.3,2,39,424,8,1,92.3,143,1
2024-03-23 12:47:34,2,67.396,170.1537,364,0,26.9,67.8,0,55,467,6,2,95.2,128,1
2024-10-17 13:22:31,8,33.6179,-67.2758,430,0,26.4,68.4,2,16,277,7,3,71.9,137,1
2024-07-11 07:07:27,8,-50.8174,-40.3409,187,2,18.6,67.7,0,12,375,4,3,85.4,140,0
2024-12-11 16:57:48,5,50.2709,125.6915,323,0,28.3,61.2,1,52,139,3,2,72.4,127,1
2024-01-10 01:05:25,9,-73.8211,3.187,386,1,26.6,78.2,1,19,456,6,1,87.6,290,0
2024-06-17 07:59:24,9,79.1172,178.4934,422,0,19.6,53.3,2,40,205,4,2,86.1,242,1
2024-06-25 01:52:28,9,27.4253,90.1386,433,0,24.0,77.8,0,37,173,8,2,89.6,143,1
2024-04-17 20:13:18,9,67.9086,-140.0283,318,1,26.0,77.4,0,19,314,1,3,70.2,250,0
2024-10-09 18:26:11,9,-72.8958,129.8921,176,2,22.6,73.3,2,37,154,3,0,91.4,169,1
2024-11-27 17:17:47,4,-58.6802,-62.7474,125,0,23.4,57.6,2,23,191,1,1,72.0,241,1
2024-06-12 02:49:27,6,64.0395,-151.7045,336,2,27.4,58.9,1,49,100,9,2,70.7,236,0
2024-11-02 21:19:46,7,-24.1402,-168.6013,244,1,21.3,73.8,2,39,229,6,3,98.1,197,1
2024-02-29 15:12:54,4,72.8574,179.01,391,2,20.5,71.2,1,12,112,6,3,78.3,267,0
2024-03-17 23:47:15,6,7.3575,86.6442,425,1,24.2,54.6,1,32,193,2,2,69.9,260,0
2024-11-25 10:39:09,5,68.9594,-123.5048,403,2,26.9,60.6,0,50,418,0,1,67.8,182,0
2024-07-04 18:22:32,4,14.9079,50.1606,438,0,26.5,69.3,2,34,378,4,2,88.7,256,1
2024-03-19 05:23:55,0,66.2353,10.8345,339,2,26.8,64.5,1,24,235,5,1,69.3,212,0
2024-03-20 01:25:23,9,70.1899,-65.6792,203,2,18.0,68.9,2,19,370,2,1,74.4,254,1
2024-07-18 11:16:58,4,51.4539,-20.8253,313,1,23.6,65.2,0,49,137,5,3,100.0,122,0
2024-08-10 08:40:26,2,-39.88,55.1792,261,1,27.1,67.3,1,35,496,1,2,71.3,264,0
2024-02-20 08:11:14,8,-17.2355,-130.6915,179,2,28.5,51.0,1,12,354,2,2,92.8,225,0
2024-12-18 02:23:25,6,-44.2576,-86.5073,442,2,18.3,50.3,0,56,469,1,3,96.3,192,0
2024-08-20 16:18:37,5,19.9257,116.0526,291,1,28.5,54.6,2,14,316,6,3,77.5,288,1
2024-11-06 07:40:41,5,-47.2094,15.6324,348,1,28.2,68.3,0,22,415,3,1,67.4,204,0
2024-12-14 15:09:01,6,-58.4249,-57.6609,454,2,23.7,51.9,0,51,232,6,2,78.7,172,0
2024-01-15 12:01:25,0,-20.0696,-73.2689,486,1,29.1,78.4,0,21,158,6,3,62.6,243,0
2024-05-18 10:00:52,1,-36.8549,164.7618,483,2,29.2,65.0,2,57,167,7,0,96.8,245,1
2024-11-17 02:02:28,4,-86.6609,-128.0354,472,1,23.5,72.0,0,59,485,2,2,67.2,248,0
2024-08-22 20:11:57,5,-53.3732,-99.637,186,2,18.9,70.5,0,38,344,0,1,95.6,252,0
2024-09-12 08:00:47,6,-58.7963,-150.4122,366,2,22.8,66.7,0,39,219,6,1,91.0,211,0
2024-08-09 21:54:31,5,-46.1616,-46.6401,359,1,23.0,71.7,1,50,486,9,1,64.0,169,0
2024-04-19 02:50:29,7,33.8716,36.8753,422,0,26.5,75.0,2,39,100,5,3,67.2,127,1
2024-09-30 11:18:34,6,35.7136,-23.1356,209,2,24.9,76.8,0,51,214,1,0,86.5,156,0
2024-03-22 16:43:42,5,36.3858,-107.3894,324,0,20.7,77.5,2,39,387,0,3,69.1,138,1
2024-10-15 04:02:56,7,26.6125,25.4788,199,2,27.4,57.1,2,28,383,5,3,61.9,105,1
2024-12-18 19:01:30,5,-84.8915,57.5714,213,0,27.7,58.1,0,41,267,6,0,60.9,254,1
2024-06-09 17:12:12,4,-49.6846,-63.2892,257,0,23.1,59.1,0,56,451,2,2,93.8,248,1
2024-10-30 02:01:46,5,14.7474,-2.5245,475,2,22.2,79.4,1,25,268,2,2,60.3,151,0
2024-06-23 03:05:18,7,-8.6011,-63.1274,377,2,22.7,75.5,0,59,445,6,3,99.1,272,0
2024-08-19 17:13:42,2,67.2149,117.9203,456,0,26.4,51.4,2,23,100,0,2,94.2,105,1
2024-04-30 12:39:49,0,-11.3392,-69.3395,106,0,18.3,65.9,2,53,244,1,1,99.5,125,1
2024-12-15 03:53:36,1,26.3763,157.0905,234,0,29.1,65.3,0,19,432,2,2,92.7,214,1
2024-03-21 14:56:42,8,-13.469,75.3408,390,0,19.5,79.2,2,26,366,3,0,69.4,217,1
2024-09-27 18:08:16,4,-11.2424,-4.5638,203,1,20.4,78.3,1,21,187,4,3,87.9,262,0
2024-11-17 08:35:02,6,62.6559,18.8474,297,0,23.1,59.4,1,29,268,9,1,71.2,151,1
2024-05-03 03:34:28,9,60.8032,-179.5906,238,2,25.0,75.8,2,26,330,8,2,99.2,165,1
2024-03-05 00:54:47,4,-10.0451,79.8956,126,1,28.2,54.5,1,35,320,3,0,93.7,136,0
2024-01-14 09:22:40,2,17.6483,114.2638,455,1,22.9,79.6,1,51,410,8,2,84.9,233,0
2024-02-17 21:06:05,4,-51.9233,-57.5858,220,0,29.4,52.4,0,18,468,8,0,63.1,137,1
2024-07-06 11:17:28,5,22.3898,3.8948,403,2,22.5,62.5,0,38,225,2,2,81.4,169,0
2024-05-10 22:14:19,1,86.3368,29.4478,448,0,23.4,59.9,1,41,120,9,2,70.8,150,1
2024-12-23 18:56:11,5,-14.6662,-88.3674,168,2,22.4,57.9,2,43,377,3,0,71.1,140,1
2024-02-06 08:28:02,7,-71.9057,-41.4314,409,1,18.0,53.5,2,47,153,8,3,74.1,117,1
2024-09-16 10:08:52,2,54.8888,7.4287,469,2,20.7,70.4,0,31,335,6,1,86.1,298,0
2024-01-26 12:56:30,5,-89.7915,85.8036,305,2,20.5,71.2,1,44,302,9,2,71.9,141,0
2024-11-29 06:34:32,5,39.9088,71.9595,219,0,26.6,79.8,2,46,245,0,3,70.5,202,1
2024-06-02 19:16:49,8,30.7119,111.5767,167,0,23.8,71.6,0,55,416,7,1,60.7,263,1
2024-02-08 10:07:24,4,5.7076,-79.9256,100,0,24.1,50.9,1,39,340,3,3,96.9,274,1
2024-08-17 07:05:15,9,69.0509,91.848,321,2,25.4,53.8,0,24,340,4,1,84.6,223,0
2024-01-27 04:09:11,7,52.7828,176.0671,244,1,23.6,64.9,0,24,145,3,0,67.6,285,0
2024-12-13 00:55:11,9,42.967,146.1358,281,1,18.4,74.6,1,41,419,5,3,69.1,242,0
2024-10-26 21:55:21,7,-11.9943,-126.8743,301,1,18.3,60.0,1,42,243,2,0,99.0,273,0
2024-03-19 05:42:50,8,60.5903,-90.0415,437,2,25.5,73.2,0,59,310,1,3,83.9,228,0
2024-10-23 14:15:25,7,-23.2982,143.8634,253,2,22.8,78.7,0,49,180,2,2,74.0,296,0
2024-01-18 08:34:25,2,-34.2189,-36.6288,491,1,25.5,50.3,2,18,111,0,2,97.1,100,1
2024-11-15 11:42:39,3,19.545,73.0968,172,0,22.8,60.4,1,38,187,8,2,83.3,106,1
2024-07-01 16:37:53,7,33.3351,-103.926,252,0,24.4,72.3,1,54,156,5,0,86.8,225,1
2024-06-11 08:04:09,4,-63.2064,30.0818,118,0,21.8,52.1,0,19,421,7,0,99.1,284,1
2024-07-03 15:08:44,4,83.2858,-66.1069,179,0,25.0,71.1,1,60,325,0,2,66.8,226,1
2024-02-05 00:41:30,6,-23.2424,18.6206,119,1,25.9,77.7,0,38,189,6,2,79.3,149,0
2024-03-12 03:54:06,5,-89.0793,130.3362,221,0,22.8,76.1,1,35,233,3,3,61.5,281,1
2024-11-17 06:38:26,7,-11.2908,-105.2515,261,0,24.5,74.2,1,36,201,9,0,67.0,226,1
2024-07-30 10:23:03,5,0.3773,-13.6838,226,1,25.4,73.7,1,46,138,7,1,75.5,298,0
2024-12-07 16:11:00,1,-7.77,163.5958,226,2,21.1,56.1,2,50,160,4,3,77.3,174,1
2024-03-15 17:54:08,7,-80.1222,-56.1497,415,2,25.3,54.4,2,53,345,1,0,87.4,181,1
2024-10-15 06:49:32,3,-84.8041,57.168,422,1,29.7,68.3,2,45,246,0,2,85.6,136,1
2024-08-27 06:52:35,8,-13.1475,-1.0702,413,0,23.4,67.1,2,32,325,2,0,93.3,109,1
2024-08-02 02:01:25,0,-87.5547,113.4629,269,2,25.2,57.7,1,20,247,1,2,60.9,177,0
2024-11-27 18:48:54,4,72.9066,36.1965,489,1,25.7,50.1,2,51,204,0,2,65.1,184,1
2024-12-03 05:26:24,6,16.1951,-119.4492,426,2,28.8,56.2,0,30,145,2,1,81.2,220,0
2024-02-05 03:19:43,5,28.3461,-1.5547,457,1,27.9,78.6,2,18,461,5,2,69.1,137,1
2024-12-19 22:58:09,0,-35.5663,47.4028,270,1,21.7,53.6,0,15,499,7,0,94.9,111,0
2024-11-23 08:44:11,7,-33.246,106.3248,267,2,29.8,79.8,2,55,282,4,3,90.5,173,1
2024-04-30 14:49:18,5,10.2059,98.618,381,1,24.4,50.1,2,54,243,5,3,61.5,278,1
2024-06-07 06:45:59,3,-6.2311,173.6264,402,1,27.0,74.2,2,17,155,9,1,73.4,281,1
2024-11-24 04:49:31,4,-78.1094,-52.5435,331,1,20.4,66.1,2,25,261,5,0,77.7,264,1
2024-07-29 00:56:10,5,-70.3645,-128.8622,167,1,25.6,62.5,1,40,246,8,1,63.8,126,0
2024-06-01 20:00:16,4,18.1183,116.4939,187,0,23.3,71.7,2,10,209,9,1,97.2,151,1
2024-07-18 12:19:20,1,20.2969,124.1885,298,2,18.6,74.4,1,41,248,0,3,86.3,283,0
2024-12-16 11:48:34,6,-27.7387,19.6189,331,0,21.4,62.9,1,46,235,7,0,62.6,298,1
2024-04-15 22:37:19,2,-31.1328,175.8453,180,1,27.2,52.9,0,29,390,7,0,68.4,110,0
2024-04-05 10:29:17,1,24.8353,-83.7173,282,2,19.4,71.9,0,43,464,9,1,90.0,107,0
2024-12-20 12:26:19,4,-32.724,82.9577,363,0,27.0,70.9,1,52,482,5,2,62.9,248,1
2024-07-02 03:07:27,3,72.122,89.9728,212,1,25.9,68.0,2,32,312,5,0,87.6,296,1
2024-01-28 04:43:23,0,-7.636,51.0615,317,2,23.9,69.5,0,59,447,0,2,97.1,294,0
2024-01-14 20:39:14,2,-24.0118,111.4726,240,1,18.8,63.9,1,23,462,0,3,61.2,276,0
2024-08-06 11:35:04,1,77.0042,-12.2919,427,0,20.3,57.3,2,18,341,2,2,85.7,189,1
2024-12-08 01:10:23,1,-38.6867,-19.9939,144,0,18.2,53.1,0,16,106,4,2,69.4,214,1
2024-02-27 01:51:59,8,41.375,77.2949,280,2,25.5,74.2,0,46,447,1,1,65.3,236,0
2024-02-14 21:28:31,2,-68.4651,179.4433,182,0,20.3,59.8,1,30,288,6,3,83.3,107,1
2024-03-21 11:48:25,3,-13.0063,0.5345,439,0,21.5,72.8,2,30,101,9,0,90.4,114,1
2024-10-16 22:56:13,2,41.3066,161.1462,174,0,27.2,77.9,2,39,173,4,0,91.1,262,1
2024-02-21 23:20:41,6,-23.1011,-54.5176,186,0,24.0,67.3,1,44,352,8,3,85.7,262,1
2024-09-24 22:17:10,1,-17.6088,-41.4304,109,1,26.9,75.3,1,26,314,6,3,93.3,176,0
2024-03-30 10:22:10,4,-72.4492,131.8524,483,2,21.9,71.9,1,59,226,9,0,69.2,152,0
2024-12-15 07:37:03,2,27.3601,-105.0457,100,0,27.5,68.6,0,49,464,2,3,61.7,149,1
2024-03-26 22:29:16,0,-86.5291,-36.5789,128,1,28.9,63.7,0,56,140,0,2,72.8,127,0
2024-05-09 18:49:33,1,10.2078,36.857,100,2,21.9,72.1,1,22,413,0,2,67.5,145,0
2024-11-19 09:57:01,6,-42.6759,-7.9818,468,0,28.6,65.1,2,45,419,7,3,76.1,119,1
2024-11-26 17:09:09,8,36.2494,143.1951,243,2,27.7,74.8,1,28,311,8,3,97.5,272,0
2024-04-20 09:54:18,2,28.9964,151.6114,134,0,29.2,55.5,1,34,189,0,2,87.8,270,1
2024-06-05 19:19:16,3,-22.1005,-38.8449,484,1,29.1,54.7,1,48,320,6,2,84.6,118,0
2024-07-08 04:26:39,6,47.2803,32.1356,300,1,22.4,54.3,2,23,323,4,2,65.5,230,1
2024-04-01 03:56:41,1,-25.4692,-70.7603,396,1,21.9,67.4,1,24,238,2,2,60.4,117,0
2024-02-11 04:52:58,4,20.1451,158.7402,135,1,26.8,79.1,1,57,173,6,0,81.3,115,0
2024-08-23 00:05:52,8,-29.2726,149.6329,236,1,21.9,51.9,1,21,233,5,0,72.0,115,0
2024-11-04 00:29:20,0,-82.3942,179.9237,294,1,27.6,79.7,2,24,181,4,2,88.2,191,1
2024-05-04 19:24:30,4,37.3932,53.447,209,0,29.4,57.8,1,34,319,3,0,85.0,208,1
2024-11-13 04:19:12,4,-3.4094,-85.8774,378,0,28.2,70.2,0,60,490,8,1,66.8,166,1
2024-02-13 19:17:18,0,-60.2782,-7.5464,355,0,22.5,74.0,0,20,321,2,2,90.6,252,1
2024-06-28 07:17:35,9,-1.8123,-156.207,474,0,29.2,66.1,2,26,318,4,2,96.2,110,1
2024-12-15 22:06:59,6,45.553,20.9015,218,1,19.5,67.9,1,27,257,9,0,62.2,150,0
2024-06-30 14:22:40,2,-28.382,-47.8231,357,2,29.3,73.2,0,22,229,6,0,94.3,131,0
2024-12-05 16:36:07,5,-71.0852,-12.9187,255,0,27.4,59.6,0,20,497,2,1,98.4,277,1
2024-06-13 13:04:28,2,-35.6424,-106.7595,415,0,22.2,65.8,2,18,287,1,1,61.1,256,1
2024-03-17 08:20:11,9,-81.622,-152.0754,353,1,29.5,76.8,2,41,421,7,3,97.7,212,1
2024-09-21 03:09:39,8,-22.9111,-154.3594,260,2,23.8,58.4,0,49,266,6,0,77.8,131,0
2024-02-20 20:52:03,4,-68.7937,-164.3866,447,1,21.1,75.6,2,51,315,0,0,64.7,186,1
2024-11-19 18:03:38,5,-25.5794,132.2662,483,0,26.6,50.0,0,51,466,5,0,87.9,272,1
2024-11-07 16:16:40,1,49.0465,41.3428,363,1,28.6,75.2,2,19,358,0,2,77.4,272,1
2024-02-18 14:10:22,8,-81.6677,-40.8327,313,0,20.5,79.3,1,49,229,6,3,98.5,126,1
2024-03-03 00:53:07,1,-69.6887,-34.4563,289,1,19.3,68.6,0,33,149,3,3,74.3,220,0
2024-06-02 09:09:21,4,-49.1811,-94.1515,171,1,21.3,66.1,0,57,125,7,3,98.9,249,0
2024-01-25 12:09:42,6,12.8172,76.1408,401,2,25.7,71.4,0,30,494,3,2,81.1,175,0
2024-10-04 16:19:17,9,20.1146,19.7583,376,1,25.1,54.1,0,55,305,4,0,83.2,158,0
2024-11-02 12:07:34,3,84.1317,-144.784,371,0,26.2,58.5,2,46,168,9,1,69.5,162,1
2024-04-22 01:56:59,4,-53.9329,30.3236,496,2,23.4,71.6,0,15,451,2,2,76.3,235,0
2024-04-15 22:28:46,2,31.8571,-83.1698,149,2,20.9,68.1,1,39,274,8,1,71.8,138,0
2024-01-19 14:28:30,6,67.7302,-70.1861,166,2,29.4,59.5,2,40,210,3,1,82.9,246,1
2024-09-22 12:19:08,9,73.3723,93.2464,369,0,28.0,52.3,1,35,481,4,0,73.4,179,1
2024-11-01 23:47:02,5,68.2361,-85.9216,409,2,22.0,68.1,0,18,423,9,2,62.8,282,0
2024-05-13 14:10:55,8,40.5478,147.0261,494,0,19.2,58.4,0,52,231,9,2,89.5,201,1
2024-02-17 07:36:46,6,-36.4299,58.0595,238,0,23.8,79.4,1,33,416,4,2,88.2,102,1
2024-11-23 19:33:59,8,83.2003,-119.0412,422,2,19.2,54.5,0,18,437,2,3,73.5,103,0
2024-09-23 10:32:15,9,74.5816,-19.6986,132,2,28.2,57.2,0,23,401,5,3,93.6,154,0
2024-08-25 22:32:25,0,-64.7094,137.791,189,0,25.2,70.0,0,10,360,5,0,81.9,191,1
2024-09-27 06:23:53,0,-59.602,62.712,255,1,28.5,72.2,0,60,419,1,1,68.4,246,0
2024-05-09 04:02:20,7,-68.3712,-65.9802,107,0,21.9,74.1,2,51,413,0,2,84.9,257,1
2024-05-27 10:59:49,6,3.8431,91.0078,274,0,19.3,51.4,2,57,279,9,3,75.3,127,1
2024-02-23 18:39:32,4,76.3946,105.7941,206,0,21.9,68.6,2,42,100,6,1,63.3,116,1
2024-07-28 22:29:33,5,-46.1871,9.4679,270,2,26.7,72.2,2,35,107,9,1,90.8,158,1
2024-03-05 10:30:30,1,-10.8849,86.0812,277,2,23.7,72.1,0,12,195,4,1,64.5,130,0
2024-01-06 21:16:03,4,-67.7619,176.4012,454,0,21.0,77.3,0,15,112,9,2,73.2,237,1
2024-09-14 16:45:31,2,-22.1101,-65.135,197,2,27.3,71.3,1,24,460,8,3,64.7,162,0
2024-11-03 23:16:49,5,75.1113,-136.48,182,1,19.7,72.3,0,50,428,2,3,63.3,280,0
2024-03-19 21:36:22,6,-69.343,131.9033,171,1,25.1,76.5,2,55,309,2,1,94.6,112,1
2024-02-01 18:55:10,3,35.6522,-84.7025,159,1,26.9,69.5,0,32,272,6,3,69.7,278,0
2024-04-18 12:04:40,8,-86.157,-92.4652,378,0,29.5,61.7,1,13,305,7,0,98.5,211,1
2024-05-26 14:30:07,0,25.1355,-2.6802,469,2,26.2,65.0,0,19,477,1,0,96.9,206,0
2024-07-29 16:54:53,8,12.0938,96.8996,106,2,27.0,56.8,1,31,120,3,2,95.7,286,0
2024-12-09 13:41:26,3,-77.0862,137.9042,486,2,21.7,76.0,0,42,282,8,0,80.5,139,0
2024-09-14 09:03:54,2,-17.1205,-47.0657,248,2,26.3,53.7,1,40,146,9,2,71.7,246,0
2024-12-01 01:52:30,3,-52.8874,162.7464,157,2,25.4,79.1,1,17,311,8,2,69.9,233,0
2024-08-19 17:09:24,6,-3.6578,176.299,235,2,23.2,54.6,0,28,467,8,0,68.2,206,0
2024-04-15 18:58:09,7,-7.6641,-25.3717,170,0,25.4,55.8,2,55,463,9,2,60.1,112,1
2024-04-12 10:58:21,6,-82.1416,-91.8925,342,1,25.1,52.4,0,24,103,1,0,88.0,209,0
2024-02-23 09:29:19,3,87.5079,-125.5319,290,2,20.5,51.4,0,22,170,3,0,74.7,147,0
2024-02-27 05:17:36,0,-76.8771,94.6166,260,0,22.8,71.7,2,44,393,4,0,94.1,154,1
2024-07-26 19:10:43,5,89.2765,166.6548,378,0,18.9,55.5,2,35,367,3,2,74.4,229,1
2024-06-29 05:20:24,2,-82.8546,7.876,177,0,19.2,70.1,0,57,141,3,2,86.6,249,1
2024-04-15 04:40:07,2,-40.284,-86.8089,310,2,22.8,64.4,2,33,104,1,0,98.9,110,1
2024-07-24 04:09:02,3,2.2208,-170.2641,132,1,27.5,57.2,2,36,481,4,1,65.2,140,1
2024-07-19 01:06:21,8,54.8423,175.5701,331,0,25.6,77.8,2,26,213,8,1,90.7,269,1
2024-04-23 16:50:45,0,-78.4723,-82.615,294,1,24.4,65.2,1,23,439,7,1,65.0,213,0
2024-06-18 12:57:05,6,4.8496,-60.7988,277,1,29.3,50.7,2,24,242,1,0,93.4,271,1
2024-12-17 04:11:19,5,54.0342,-98.3083,329,0,29.7,77.9,2,33,232,4,2,91.9,124,1
2024-11-17 04:41:18,8,41.43,-128.1678,204,1,18.7,68.5,2,27,473,1,1,76.9,217,1
2024-06-20 11:18:46,0,-56.0674,82.9431,410,1,28.9,60.3,0,32,436,0,3,77.2,272,0
2024-06-29 11:16:26,7,-0.8539,-177.5496,417,0,26.9,70.8,0,44,103,6,0,94.7,181,1
2024-07-05 09:14:48,6,54.5973,-128.4974,324,1,20.7,72.4,0,12,173,6,3,95.1,243,0
2024-07-19 20:10:54,8,-46.1457,161.0254,218,0,23.8,52.3,1,52,389,1,1,79.5,231,1
2024-08-27 22:26:18,5,76.8391,140.3011,137,0,23.6,51.7,1,24,124,5,1,70.6,279,1
2024-06-17 02:43:31,4,-59.1914,-125.4515,414,0,18.3,76.4,1,42,332,9,1,66.3,249,1
2024-05-21 02:30:18,0,-75.6177,-156.976,216,2,26.9,67.2,1,35,181,9,2,86.2,185,0
2024-05-08 02:13:49,8,-24.1694,30.0335,170,0,26.4,51.6,1,47,278,2,3,96.4,105,1
2024-05-02 09:49:37,2,-6.8584,150.6127,154,1,28.6,66.8,0,18,384,8,2,60.4,263,0
2024-01-25 20:15:13,2,-32.2146,166.7941,213,1,25.0,72.7,1,51,353,7,3,82.6,227,0
2024-01-07 12:49:12,4,-46.3051,-93.1541,276,1,24.9,77.0,1,60,467,3,2,84.6,292,0
2024-03-08 10:09:37,1,-85.0859,41.138,382,2,22.0,77.8,0,47,448,4,2,81.4,246,0
2024-12-22 15:01:19,8,89.1858,-159.3242,383,2,19.1,69.0,1,16,238,2,2,90.7,290,0
2024-01-21 13:17:03,0,1.429,-119.0925,334,0,26.6,74.1,1,10,317,2,1,73.0,184,1
2024-06-25 02:35:14,9,78.3252,15.2758,421,0,26.3,68.8,2,53,128,5,3,76.6,100,1
2024-05-27 05:13:33,2,-9.2287,107.9306,329,1,25.0,51.2,1,53,233,4,0,67.2,188,0
2024-01-27 01:05:38,1,71.4327,127.3664,284,2,22.1,77.2,2,16,226,3,3,95.8,206,1
2024-01-21 03:11:55,2,-84.0049,111.8327,184,0,19.2,59.8,2,23,126,3,0,90.4,200,1
2024-08-03 13:26:27,5,7.0779,-165.136,403,1,20.6,66.1,0,15,461,3,3,77.1,263,0
2024-06-05 18:09:34,6,-86.0858,117.8697,100,2,22.3,72.3,1,43,256,4,3,92.8,101,0
2024-10-27 12:09:17,3,59.2432,175.9873,135,0,18.9,55.5,2,57,162,8,3,75.3,127,1
2024-10-22 14:28:47,0,-39.3003,-121.6771,220,2,25.0,79.0,2,51,481,1,2,64.3,268,1
2024-09-03 09:41:58,8,-83.672,164.2522,318,2,29.8,51.4,0,24,216,2,2,83.8,221,0
2024-01-03 11:20:33,7,5.9541,-156.4873,237,1,29.2,56.2,1,15,251,2,2,76.3,198,0
2024-06-11 23:38:53,2,-16.3804,-119.0546,459,2,27.2,78.5,2,22,323,6,3,87.3,271,1
2024-01-04 23:32:40,6,-27.4913,-1.8571,332,2,21.7,58.9,2,33,363,5,2,90.1,131,1
2024-08-02 06:58:21,8,67.7002,43.853,133,2,28.7,69.5,1,57,342,5,1,99.9,261,0
2024-08-29 02:07:16,8,30.5045,52.2559,499,0,18.3,75.1,0,22,251,0,0,79.2,139,1
2024-02-22 18:02:00,1,4.8619,61.4224,350,1,25.3,71.2,1,19,177,0,3,67.0,209,0
2024-06-21 20:31:34,7,84.0872,85.2383,186,0,24.1,72.0,1,26,131,3,3,68.2,189,1
2024-01-27 15:36:15,8,11.5213,-168.4741,403,1,23.1,69.3,1,24,487,9,0,69.6,104,0
2024-06-17 12:40:13,6,63.7701,163.2651,193,0,22.1,68.2,2,29,231,2,2,69.7,198,1
2024-03-31 14:30:18,2,57.5757,-35.0439,254,1,24.0,78.6,2,24,108,2,2,66.6,219,1
2024-03-23 08:10:19,9,-66.6009,-11.7155,368,1,26.1,71.0,0,58,336,1,0,86.5,259,0
2024-10-02 15:12:00,6,18.755,-46.8871,283,0,28.5,50.7,1,11,495,9,2,88.1,200,1
2024-07-28 18:36:05,1,50.3574,128.5618,164,1,25.5,67.6,2,20,188,6,0,60.1,268,1
2024-01-11 15:19:53,5,46.9009,3.749,419,1,22.1,74.7,1,31,236,9,1,95.9,182,0
2024-12-28 18:53:31,9,17.5319,-65.0765,489,1,25.0,69.4,0,30,345,7,3,66.1,128,0
2024-09-07 12:50:16,2,4.8305,-6.5757,498,0,20.2,55.0,0,51,147,7,2,97.7,247,1
2024-12-09 11:15:02,1,38.8917,-38.8032,244,0,21.2,61.8,1,24,181,1,1,70.1,238,1
2024-10-05 18:34:00,4,-20.0482,-83.6915,488,1,21.5,50.3,2,32,120,0,0,79.1,111,1
2024-04-22 10:55:19,9,-83.2534,-166.3309,152,0,21.2,70.3,0,10,467,9,3,61.5,269,1
2024-02-27 21:45:48,1,-4.8643,75.4304,168,0,23.2,71.5,0,23,292,2,1,98.8,102,1
2024-05-23 22:03:43,5,46.7637,-146.4348,268,1,23.9,79.2,0,41,295,8,0,69.5,146,0
2024-01-02 22:19:42,7,-68.3909,-122.557,341,2,21.3,76.2,2,58,429,2,3,78.6,178,1
2024-09-29 06:31:55,7,62.3457,-54.2033,166,1,28.9,50.6,2,58,197,2,1,88.8,282,1
2024-12-18 08:33:58,7,72.8857,135.9494,483,0,21.4,51.2,2,33,249,1,3,67.6,165,1
2024-08-11 10:28:58,1,2.2782,-158.4628,232,1,22.3,73.3,2,19,332,3,3,78.6,135,1
2024-03-24 22:56:32,3,11.7686,154.6043,392,2,20.7,62.8,1,12,417,1,2,69.3,109,0
2024-06-02 00:24:04,8,-75.598,11.134,480,2,24.9,77.8,2,53,318,2,0,69.5,181,1
2024-02-02 03:46:54,3,23.2931,106.0267,368,1,28.0,53.4,1,42,182,4,3,77.5,205,0
2024-10-02 12:56:46,6,-11.3114,-139.811,373,2,25.0,62.4,0,20,125,0,0,91.2,160,0
2024-09-25 12:20:07,2,9.6491,47.3499,154,1,22.0,53.3,2,50,208,3,3,85.0,231,1
2024-02-24 08:11:09,3,10.9354,-27.3551,184,1,19.2,55.3,2,14,450,2,3,86.7,247,1
2024-10-28 10:00:20,9,84.9482,59.5314,204,1,21.4,61.5,0,51,490,4,0,68.0,288,0
2024-05-31 23:20:31,2,49.7212,179.2025,227,1,26.1,65.7,1,47,247,7,1,77.8,135,0
2024-01-22 00:34:19,5,-28.8968,-117.9471,405,2,28.0,67.7,0,48,348,2,0,78.3,213,0
2024-12-19 11:06:09,7,-55.5154,-163.6943,392,1,27.4,69.0,1,31,347,8,2,98.0,133,0
2024-01-05 22:46:26,3,16.7636,29.2783,429,2,27.7,75.0,2,12,446,3,3,65.7,203,1
2024-06-26 08:09:13,7,-76.307,5.0298,488,1,25.2,63.9,2,19,219,3,2,100.0,184,1
2024-07-31 02:07:09,6,-22.4693,149.9634,444,0,29.8,67.5,0,41,125,4,2,63.3,152,1
2024-11-27 04:21:18,0,71.8859,93.4464,420,0,18.4,68.5,2,50,340,9,2,76.8,212,1
2024-06-06 04:02:08,0,-9.7179,-117.0145,391,2,25.5,73.7,1,31,472,9,2,77.2,109,0
2024-05-16 20:34:06,9,-12.2288,-74.7801,212,1,20.6,50.5,0,41,498,4,0,94.1,162,0
2024-07-14 21:14:08,4,5.4618,-179.8202,157,1,20.9,77.1,0,26,499,3,1,91.4,214,0
2024-11-22 11:31:54,8,-54.8317,66.4706,399,1,26.3,79.4,1,25,476,3,0,95.6,256,0
2024-11-01 21:31:14,2,-80.0522,-102.2508,103,1,27.9,53.1,1,52,386,0,3,97.7,141,0
2024-10-27 15:39:37,9,-13.0527,-122.0924,333,0,22.1,65.0,1,22,243,4,0,83.2,176,1
2024-02-14 12:20:37,6,6.3666,136.0794,234,1,27.3,70.1,1,45,416,7,3,86.9,165,0
2024-05-02 11:14:44,9,83.1243,48.4325,146,0,29.0,55.5,1,52,414,9,0,82.3,228,1
2024-09-02 05:03:25,7,51.1898,25.5964,109,0,20.7,60.9,2,39,147,8,1,75.0,116,1
2024-12-08 04:35:38,8,-76.3987,-68.1922,357,0,24.6,73.5,0,48,266,9,1,74.4,226,1
2024-01-23 05:35:54,9,70.5541,-150.1626,356,1,19.5,63.1,0,16,118,2,3,77.8,230,0
2024-01-25 11:27:54,2,-38.2185,104.1667,349,1,19.4,62.7,1,19,296,2,3,72.3,177,0
2024-11-08 13:31:56,0,39.1411,138.1786,159,1,27.1,77.5,2,33,429,8,3,77.9,200,1
2024-05-30 01:04:50,4,-68.8006,159.004,148,1,25.0,60.7,0,43,196,3,0,64.6,240,0
2024-05-30 11:30:34,3,51.1598,-170.9311,354,1,26.9,65.5,2,14,245,3,3,73.4,151,1
2024-03-02 23:49:21,8,-29.5867,41.0612,214,1,21.5,69.1,2,49,417,9,1,76.7,249,1
2024-08-29 11:52:35,8,-51.3412,-112.1636,307,0,21.0,52.8,0,21,475,3,3,82.8,107,1
2024-05-26 01:53:03,0,-49.5057,174.3533,385,2,24.3,59.4,0,37,239,2,3,88.3,148,0
2024-07-24 01:20:43,8,0.7577,120.0181,490,0,24.0,56.1,2,29,463,5,0,81.1,134,1
2024-12-24 10:20:56,4,-2.2911,64.2731,133,0,19.4,76.0,1,36,182,2,3,70.5,249,1
2024-02-11 14:40:04,2,78.4324,125.0181,472,1,24.9,63.2,1,36,485,8,3,78.9,271,0
2024-04-24 00:54:49,7,-2.8329,-29.9102,338,2,28.9,55.5,1,39,181,1,0,88.6,143,0
2024-01-08 10:20:44,2,70.0103,-164.1914,172,1,25.5,55.7,1,25,259,0,1,65.2,255,0
2024-10-25 03:01:44,2,11.4885,-172.569,187,0,24.8,52.0,1,31,231,4,2,91.6,234,1
2024-12-12 15:03:51,8,74.5261,123.6828,439,2,23.5,55.1,1,47,454,2,2,75.5,196,0
2024-11-30 09:16:40,7,-12.9509,132.4986,159,2,18.1,76.0,1,18,202,1,2,94.4,197,0
2024-05-13 09:05:25,7,81.79,-52.7516,362,1,18.3,57.6,2,58,437,7,0,66.8,123,1
2024-12-16 06:06:57,4,47.7175,72.531,163,1,24.6,53.2,1,34,473,8,1,72.4,263,0
2024-02-14 07:54:59,7,-21.5329,-145.2581,258,0,19.9,51.9,2,54,237,9,3,92.7,271,1
2024-06-25 12:15:28,9,-4.5863,71.7337,319,0,18.0,63.6,1,23,473,6,2,83.0,187,1
2024-08-14 03:59:00,9,-26.6775,-77.2847,247,1,28.9,60.7,0,56,115,9,0,61.6,270,0
2024-04-08 19:43:53,8,-30.6957,29.255,134,2,19.9,67.5,1,42,421,4,0,77.6,183,0
2024-11-07 14:21:51,4,64.5212,-83.2639,175,2,20.9,58.7,1,35,274,8,0,61.1,240,0
2024-01-12 17:01:33,9,68.181,-84.9051,179,0,24.2,50.2,0,31,485,9,3,75.8,255,1
2024-05-30 08:29:11,1,-81.2116,13.9727,105,0,27.1,59.8,0,36,409,6,1,75.7,290,1
2024-05-16 07:34:11,2,-21.308,-14.9017,277,2,23.5,63.9,2,11,292,7,2,67.5,234,1
2024-12-08 12:26:38,5,77.2059,-132.0473,427,0,26.7,63.8,1,54,453,5,2,86.7,101,1
2024-03-28 08:34:01,3,21.4872,-123.6879,348,0,22.7,63.3,1,23,134,3,0,99.6,251,1
2024-04-16 21:31:53,3,47.7603,-137.0932,300,0,23.1,78.1,1,53,146,3,2,73.3,280,1
2024-11-20 14:44:30,0,-4.7971,56.411,457,1,27.2,69.1,2,55,319,1,1,67.7,132,1
2024-06-20 08:17:55,0,-11.1333,-40.0454,316,0,26.8,53.5,0,35,402,9,0,93.6,206,1
2024-08-11 15:40:34,9,15.5083,115.4388,207,2,19.2,59.7,1,56,484,6,1,72.6,285,0
2024-10-30 12:44:31,1,-70.6858,54.4683,333,1,27.5,55.8,2,36,141,1,1,67.0,264,1
2024-03-22 11:00:20,1,-18.4278,101.4997,327,0,22.6,57.4,1,38,432,3,1,68.4,171,1
2024-05-12 13:40:05,3,43.7523,149.8334,197,2,20.0,69.6,1,42,314,2,1,87.2,201,0
2024-11-15 08:08:17,7,18.5151,24.3559,356,0,23.4,72.8,1,39,486,8,0,99.2,282,1
2024-10-07 06:11:39,9,84.6774,61.0153,359,0,29.2,54.5,1,50,268,0,3,67.4,249,1
2024-09-09 03:30:12,3,49.5864,-154.4224,377,1,18.1,55.0,1,59,476,5,2,70.2,268,0
2024-08-21 20:07:08,6,-51.319,-46.5841,228,0,24.2,59.2,2,26,321,4,1,96.3,132,1
2024-01-17 03:33:56,1,-12.9902,176.1206,399,1,23.4,71.7,2,12,239,0,3,67.6,156,1
2024-12-02 12:07:59,3,6.8181,52.3685,157,2,29.8,54.0,0,33,151,9,2,81.2,192,0
2024-11-18 07:52:13,1,-3.038,106.5694,327,2,21.2,52.6,0,48,209,7,0,98.6,104,0
2024-04-29 11:54:26,2,35.5141,90.8087,215,0,21.7,73.4,1,17,146,8,3,70.4,296,1
2024-05-29 06:49:50,9,-40.8724,-42.3243,213,0,20.2,63.7,0,16,248,9,3,68.8,136,1
2024-11-10 05:49:21,7,44.6347,-110.6304,226,2,21.4,58.0,1,47,348,6,0,85.7,136,0
2024-11-03 20:21:38,0,76.5468,-13.5249,334,1,24.2,76.2,0,24,402,6,1,71.5,105,0
2024-09-04 10:45:13,2,72.8206,90.5169,319,2,25.5,51.7,1,32,350,1,3,69.7,254,0
2024-09-25 21:53:09,8,81.2554,4.8416,411,2,20.5,77.4,2,51,211,4,0,76.9,244,1
2024-07-24 06:30:18,6,74.9107,17.8019,208,0,28.8,64.9,0,40,437,5,2,64.6,185,1
2024-04-02 13:43:06,5,20.446,149.3776,328,1,22.8,73.6,0,12,349,8,0,93.3,162,0
2024-03-04 06:43:40,3,-60.7101,-29.4842,219,0,22.9,56.6,2,49,372,5,0,64.4,300,1
2024-12-10 12:39:50,8,74.2314,-113.7355,438,2,25.7,71.2,1,21,445,4,2,90.4,154,0
2024-01-05 03:23:06,9,16.9737,-7.8198,145,2,23.3,70.3,1,44,421,1,3,93.9,286,0
2024-01-18 17:13:48,0,35.8055,-41.1532,299,1,22.4,64.2,0,54,303,0,1,88.1,125,0
2024-05-10 06:01:32,5,6.7867,-133.6343,356,1,18.9,71.7,0,25,368,0,1,66.1,228,0
2024-10-26 05:59:54,3,6.184,36.1898,137,1,22.8,50.6,1,24,465,5,2,61.3,226,0
2024-04-21 16:13:53,8,-75.0605,-52.5256,231,1,24.3,57.8,0,56,368,6,2,87.2,203,0
2024-09-14 01:51:27,2,-77.891,-96.7804,336,1,19.7,66.7,0,54,163,6,0,71.4,122,0
2024-05-12 17:51:01,9,-47.154,6.9021,290,2,27.6,71.8,2,50,460,6,0,95.9,118,1
2024-09-03 09:06:58,0,76.1715,-0.0071,427,0,23.2,70.1,2,17,320,3,2,73.0,162,1
2024-05-06 09:16:38,9,-85.8283,163.4575,439,1,26.4,71.3,0,41,491,6,1,67.4,273,0
2024-01-09 08:52:44,7,6.009,-33.838,461,1,18.6,74.6,2,23,185,3,1,77.8,215,1
2024-09-06 03:02:40,9,3.8184,139.4876,414,1,29.0,70.6,2,25,291,3,1,92.9,154,1
2024-08-05 16:44:46,6,66.3417,-154.1243,498,0,23.8,55.9,1,16,381,6,3,67.2,131,1
2024-08-16 10:45:59,4,-61.8623,113.6304,334,1,22.5,57.1,0,43,381,5,3,73.8,157,0
2024-07-12 02:46:57,2,44.502,66.5819,144,0,23.0,70.3,2,54,152,0,0,84.3,242,1
2024-01-24 08:44:24,3,-12.2885,38.4287,231,1,28.2,67.2,0,50,221,0,3,84.8,270,0
2024-01-13 21:47:31,5,-40.8275,-46.7423,324,0,25.5,65.2,0,51,233,8,1,90.2,145,1
2024-04-16 08:03:32,6,-76.5757,-52.269,246,1,19.4,56.3,0,16,406,8,2,65.7,140,0
2024-02-12 03:22:04,2,-79.279,69.568,283,0,27.7,52.4,2,16,280,7,1,96.0,297,1
2024-05-08 03:54:27,1,84.3451,-106.877,453,0,21.8,66.4,0,48,305,1,0,68.9,212,1
2024-12-07 12:50:56,1,-19.0721,161.7246,392,1,30.0,72.1,1,52,329,3,1,66.6,174,0
2024-11-26 00:36:15,6,-69.0311,-32.9575,343,2,25.2,72.6,0,21,400,8,2,87.7,300,0
2024-05-07 08:15:24,4,87.7793,-108.9268,144,0,25.8,65.6,1,23,362,9,1,88.9,199,1
2024-11-05 21:58:32,9,-48.3633,-36.2936,151,0,22.1,59.7,0,58,338,0,1,81.5,248,1
2024-02-28 11:48:48,7,-36.4104,-4.335,389,2,27.2,59.8,2,20,129,7,1,80.8,164,1
2024-04-16 23:04:14,2,-39.225,-156.4228,355,0,19.2,62.2,0,10,137,1,1,67.0,269,1
2024-11-28 00:36:34,1,84.0407,-74.7098,493,0,20.7,70.9,0,52,478,0,1,62.5,103,1
2024-02-09 06:40:41,9,-68.5324,127.5394,181,1,22.9,70.3,1,49,441,6,3,94.7,168,0
2024-05-14 13:25:22,6,-8.4586,44.4779,342,2,22.6,55.5,1,35,119,2,3,73.9,199,0
2024-08-28 13:33:22,9,14.0092,-131.9758,376,0,20.5,55.5,0,34,315,8,3,70.7,297,1
2024-02-21 02:51:08,4,3.6602,107.779,464,2,20.8,50.1,2,16,441,6,3,91.1,240,1
2024-10-25 05:54:37,3,29.342,-68.5682,452,2,26.7,64.1,0,36,152,0,3,90.1,231,0
2024-07-18 23:30:52,9,-20.6524,-102.5762,228,1,28.7,65.0,2,26,271,2,1,66.0,290,1
2024-02-28 23:27:53,1,-88.696,117.3902,288,1,27.1,69.4,2,37,144,1,3,63.6,126,1
2024-07-13 15:41:00,1,-27.0315,40.2451,133,0,18.6,79.4,0,14,314,9,0,98.8,109,1
2024-06-21 04:12:55,6,25.5135,-147.3897,117,2,29.7,63.7,0,17,159,7,3,77.0,106,0
2024-09-29 17:58:30,2,68.4014,-52.0862,428,0,28.4,74.2,0,54,492,0,3,86.2,286,1
2024-06-05 07:32:41,8,-7.1543,-132.8372,381,1,18.0,53.0,0,25,398,8,2,94.6,100,0
2024-12-19 21:28:31,9,-78.2763,151.3943,166,0,22.5,53.8,0,57,442,5,2,72.1,284,1
2024-04-23 18:51:26,2,33.9665,-46.5423,225,2,26.1,75.8,2,41,286,2,0,72.9,224,1
2024-02-17 20:09:25,2,-59.6899,143.0428,364,0,18.8,68.2,1,41,373,0,2,88.7,215,1
2024-07-21 06:13:04,7,25.7047,150.6302,318,2,25.3,74.6,0,32,486,8,2,68.1,277,0
2024-04-03 05:24:14,2,15.4009,52.3537,417,2,20.0,61.0,2,54,300,3,1,74.5,156,1
2024-10-22 10:43:44,7,-86.7799,-102.1496,180,0,18.5,52.1,0,10,182,4,0,99.0,279,1
2024-04-28 12:38:55,8,40.3406,159.0723,134,0,24.1,68.2,2,35,187,5,0,99.9,102,1
2024-09-28 12:11:17,8,40.4005,-149.1521,237,2,28.1,75.5,1,18,349,1,2,90.5,189,0
2024-09-09 11:51:15,5,-85.1352,73.2511,259,0,26.6,53.0,0,28,118,3,1,60.2,249,1
2024-10-02 21:49:15,3,-1.28,1.0168,463,2,19.8,54.5,2,12,408,7,1,71.2,229,1
2024-05-05 05:42:10,1,45.2617,-152.3952,290,1,23.7,53.5,1,44,237,4,0,85.8,270,0
2024-05-21 02:33:29,8,-14.7713,-117.3565,345,0,21.3,53.6,0,35,388,3,2,83.5,159,1
2024-03-15 22:19:21,6,51.4225,112.3362,165,0,25.6,61.7,1,50,149,9,1,62.6,252,1
2024-02-07 19:45:50,3,-15.2991,-95.0112,259,2,27.0,79.7,2,15,167,8,1,88.6,147,1
2024-05-11 05:18:46,7,86.6678,-139.6955,330,1,26.9,62.9,1,47,382,5,2,90.3,115,0
2024-01-31 05:31:37,5,44.5442,-73.4346,467,1,19.3,62.1,1,39,180,7,0,63.8,145,0
2024-11-01 01:28:08,3,-48.4503,-99.9978,329,2,26.7,56.2,1,16,261,8,1,90.7,104,0
2024-03-03 04:17:01,9,-37.3934,31.4093,122,1,22.9,64.0,2,24,409,4,0,99.7,184,1
2024-03-09 00:10:34,3,34.0712,123.0237,146,2,24.2,69.1,0,58,301,1,3,82.0,238,0
2024-04-17 17:28:32,1,-21.5633,-12.8487,419,1,26.1,62.0,2,19,484,7,3,96.4,262,1
2024-09-21 10:33:05,7,-33.3756,7.8261,143,2,20.1,57.0,1,41,143,8,3,62.1,106,0
2024-02-11 10:31:50,1,-61.849,-123.7835,445,1,19.8,54.1,0,39,375,1,2,88.3,247,0
2024-06-15 11:59:39,5,88.5686,-161.7382,450,0,18.7,56.4,1,12,140,7,0,61.9,160,1
2024-08-09 03:00:34,2,-69.408,-8.1703,451,1,22.5,51.6,1,28,421,5,3,68.8,107,0
2024-07-22 00:56:20,4,-49.1524,14.1164,425,0,22.4,65.9,0,30,452,9,1,91.4,163,1
2024-08-17 07:37:02,8,27.787,8.2288,235,1,25.8,62.6,2,51,171,5,0,87.5,207,1
2024-12-11 23:47:30,7,-13.8485,119.2071,181,2,29.7,51.8,0,38,388,9,3,92.4,292,0
2024-09-12 00:06:39,3,25.5003,-47.5718,370,1,23.5,74.4,2,60,105,0,3,99.5,128,1
2024-07-08 14:07:29,3,69.4106,61.7368,102,0,25.6,76.0,2,50,444,8,1,88.3,105,1
2024-03-06 13:14:35,3,-6.8964,-35.5418,200,1,18.5,77.7,1,24,158,3,3,82.5,234,0
2024-10-30 04:55:27,6,-0.1148,-127.6784,292,2,23.2,68.1,2,41,440,9,0,88.9,160,1
2024-10-07 10:54:40,5,-41.4279,178.8694,401,2,28.2,51.0,0,51,327,2,3,85.6,138,0
2024-06-06 22:52:41,3,-0.9333,124.8495,305,0,27.4,50.8,0,34,474,0,0,82.0,226,1
2024-04-20 00:14:34,3,-58.2175,7.2699,441,2,25.0,75.4,2,58,149,9,1,61.3,247,1
2024-08-02 00:10:54,2,83.3287,-84.2738,130,0,18.7,67.2,0,47,367,0,1,81.7,131,1
2024-10-03 02:54:03,6,-33.2637,45.4122,265,2,23.4,56.1,1,34,406,5,0,95.0,133,0
2024-09-23 22:37:49,0,74.3356,112.5528,426,1,26.3,77.7,1,58,373,5,1,93.0,125,0
2024-02-17 16:11:22,6,-53.3015,11.4861,432,2,28.0,65.2,2,35,499,7,2,97.4,110,1
2024-11-23 04:40:26,2,-22.5519,60.711,406,0,20.9,76.4,1,57,160,8,3,73.3,120,1
2024-01-11 20:19:14,1,61.697,164.5493,410,2,24.5,62.4,0,40,172,4,3,86.2,225,0
2024-10-28 02:17:22,5,-75.2867,-163.4,155,2,22.6,77.1,1,13,196,6,3,83.2,168,0
2024-12-26 05:05:12,3,87.1386,-114.968,397,1,23.7,73.5,1,31,266,0,0,92.8,265,0
2024-03-28 10:24:32,5,51.2486,-41.4882,305,1,28.0,67.8,1,13,455,1,2,80.8,147,0
2024-04-16 02:44:43,2,-19.8201,2.4374,343,0,26.2,62.4,1,18,166,6,2,62.3,168,1
2024-12-08 06:15:28,6,-13.561,-52.5469,342,2,27.6,71.9,1,24,216,1,1,67.5,225,0
2024-09-05 17:43:56,3,51.4883,105.7445,347,2,29.1,80.0,2,25,256,2,0,69.6,274,1
2024-02-02 22:24:18,3,21.5738,-95.1501,403,1,29.5,76.6,2,36,379,1,0,66.7,242,1
2024-04-30 18:44:12,9,-31.8174,59.5716,482,0,18.1,76.1,2,54,203,9,1,74.1,112,1
2024-05-01 03:13:17,3,-76.0304,112.9276,130,1,21.6,60.9,0,48,479,7,1,83.3,173,0
2024-01-10 20:02:28,0,47.5481,-97.4831,465,0,24.0,72.4,2,48,112,7,3,97.1,212,1
2024-10-21 11:15:32,2,77.8751,144.04,322,0,26.1,71.9,1,45,339,7,2,97.6,145,1
2024-11-25 02:58:57,0,-56.6674,-50.0426,126,1,20.3,51.2,1,53,486,6,0,97.5,129,0
2024-12-20 08:01:23,3,62.0999,-9.5972,142,2,22.7,66.1,1,59,343,5,0,86.7,256,0
2024-06-29 19:07:17,9,57.9908,-117.5288,444,1,21.6,53.2,1,16,113,1,1,96.1,181,0
2024-12-13 18:57:55,2,73.1274,-63.9399,100,1,22.4,71.6,1,22,389,3,1,73.4,159,0
2024-11-20 05:25:19,3,-28.6949,-110.5161,227,2,22.6,58.5,1,24,477,9,2,89.0,139,0
2024-06-29 09:51:14,3,-28.9152,114.375,416,1,20.7,69.1,1,32,139,5,0,91.7,221,0
2024-12-22 23:33:57,3,83.9488,131.1197,499,0,25.8,64.0,1,46,295,5,1,87.6,160,1
2024-06-23 22:08:31,6,52.1635,10.8296,328,1,29.8,53.5,0,54,144,5,2,78.0,158,0
2024-03-29 05:14:26,0,36.5185,-71.9718,324,1,28.2,56.8,2,10,249,6,3,76.7,298,1
2024-04-03 14:11:16,5,-10.8232,144.0982,401,2,26.3,59.4,2,30,268,6,3,67.6,225,1
2024-12-15 14:02:28,0,-37.9195,-99.3768,182,0,22.9,54.4,1,50,135,2,3,98.4,268,1
2024-08-06 13:23:18,6,-7.2984,-44.5918,264,1,29.5,67.3,2,32,314,7,1,65.9,202,1
2024-03-14 02:35:33,8,13.6845,-126.4199,293,1,23.8,62.8,1,19,135,0,0,98.8,291,0
2024-08-27 00:34:46,1,-70.6428,166.3723,343,2,29.5,59.8,1,35,294,7,3,73.7,256,0
2024-04-24 20:50:47,4,-19.3929,-10.2537,103,2,24.8,79.3,2,22,393,8,2,88.6,108,1
2024-09-09 21:41:33,9,-32.5141,-170.9566,295,1,23.6,72.8,1,18,327,4,3,92.1,283,0
2024-06-20 13:57:57,1,59.3783,74.9628,300,1,27.4,52.8,1,35,431,9,3,81.2,120,0
2024-06-02 10:54:33,7,-36.2517,72.4728,108,1,27.9,65.6,2,46,138,3,1,82.7,173,1
2024-07-09 23:21:47,8,-55.9854,-149.8958,153,0,27.5,69.9,1,24,118,6,2,62.5,237,1
2024-07-03 09:52:55,8,27.3259,-116.2066,336,2,22.5,51.6,1,11,446,5,3,70.2,275,0
2024-12-09 20:35:02,9,27.7357,-170.5766,211,0,21.7,52.3,1,11,401,8,3,66.2,241,1
2024-03-14 00:55:34,4,23.2023,92.2763,144,1,21.1,58.8,0,35,443,9,0,89.0,141,0
2024-05-28 06:29:51,1,87.5129,-65.0922,224,0,21.7,78.5,0,20,428,6,3,72.4,287,1
2024-11-22 23:49:18,9,81.1975,137.0497,185,2,19.9,66.3,1,59,264,3,3,65.2,177,0
2024-04-21 03:47:52,4,55.919,-39.578,220,2,28.2,55.4,0,10,203,7,2,81.1,281,0
2024-03-15 07:02:10,5,-15.3314,22.397,236,2,18.3,69.0,0,34,303,1,0,62.6,270,0
2024-03-22 14:12:36,1,-55.3603,79.1276,159,0,29.7,69.6,0,49,227,0,3,62.0,232,1
2024-09-18 16:35:57,6,8.3934,-165.2068,433,0,26.4,69.3,1,25,127,7,3,84.5,125,1
2024-11-20 19:12:02,7,27.499,-98.0697,109,2,25.1,76.5,2,16,356,4,3,64.9,127,1
2024-04-08 18:13:51,6,14.687,-33.9771,453,2,25.8,78.6,1,21,142,9,0,85.7,180,0
2024-01-13 16:35:47,9,19.3645,-149.4523,169,2,28.6,78.8,2,27,482,3,1,80.5,122,1
2024-11-11 04:35:37,7,38.0858,-149.297,105,0,23.6,54.4,1,18,364,9,1,76.0,158,1
2024-10-04 16:05:37,9,4.379,97.6354,256,1,29.6,73.7,2,20,309,7,2,83.4,142,1
2024-05-12 21:29:39,8,-28.8542,119.5019,309,1,22.8,52.8,0,19,101,1,0,85.5,242,0
2024-12-23 04:59:36,9,-17.5843,-151.1609,346,1,26.9,70.6,1,44,192,8,1,76.2,239,0
2024-06-15 00:46:44,4,15.5281,-170.3941,302,0,24.6,60.6,2,30,431,2,3,76.0,127,1
2024-07-18 17:29:17,4,-83.8983,-128.1642,181,2,24.7,63.4,2,25,107,7,3,71.3,265,1
2024-02-10 08:40:55,9,-25.4823,169.1921,282,0,21.8,63.6,0,43,370,6,1,69.4,251,1
2024-09-09 10:46:47,1,-69.493,-118.9742,398,1,26.5,64.8,2,44,387,0,3,90.6,122,1
2024-04-19 08:18:04,0,-8.0714,-158.0304,210,2,24.7,65.0,2,50,185,9,0,84.1,140,1
2024-08-05 18:45:24,9,-59.9919,-162.9143,188,0,22.4,78.0,2,40,372,5,2,98.0,237,1
2024-06-14 18:40:07,3,-47.5239,58.4771,298,0,19.6,76.1,2,22,396,6,3,65.0,230,1
2024-10-18 23:50:28,1,-39.8052,-126.4073,298,0,24.0,63.5,1,25,456,1,3,78.9,147,1
2024-04-28 01:31:58,3,54.0537,-145.9922,326,0,20.0,56.6,1,17,260,5,2,67.5,162,1
2024-11-11 08:44:54,6,7.0591,46.7188,354,0,18.4,77.5,2,40,262,6,1,68.5,282,1
2024-09-13 10:52:43,4,-50.3633,99.5834,269,2,22.4,63.6,1,54,481,6,1,82.5,183,0
2024-06-14 17:14:20,4,51.9327,-102.4309,475,1,29.3,62.8,0,29,359,8,0,95.1,122,0
2024-01-02 15:30:44,4,-36.487,14.5024,372,0,20.4,57.2,0,29,153,0,2,78.2,221,1
2024-10-06 04:58:42,5,27.2654,-34.1042,201,2,26.0,51.5,0,40,429,3,2,87.0,107,0
2024-06-04 16:47:14,7,15.2159,-55.6814,441,2,25.3,72.9,0,47,152,3,2,67.4,256,0
2024-02-02 12:17:02,6,27.4437,43.3224,246,0,25.3,57.4,0,33,298,7,1,70.4,110,1
2024-06-22 07:42:17,1,-58.6928,165.8667,180,0,25.4,50.4,2,32,246,1,0,65.4,203,1
2024-03-01 14:48:13,9,-38.0737,56.0723,127,0,21.0,54.6,1,13,452,8,0,79.0,299,1
2024-08-19 01:36:00,3,-50.6778,-102.041,246,0,20.8,79.2,2,55,325,1,3,80.5,271,1
2024-11-17 02:22:02,2,-88.776,-125.1628,470,1,21.5,51.0,2,59,293,6,0,86.6,113,1
2024-07-29 00:17:00,8,69.691,148.6549,386,0,25.9,71.6,0,36,193,9,2,72.0,299,1
2024-05-17 21:00:51,8,-82.2616,-141.825,325,2,26.2,64.3,0,31,491,6,0,60.7,290,0
2024-03-11 20:09:54,0,2.7286,-99.5442,432,2,25.9,65.8,0,42,265,7,3,86.8,140,0
2024-07-18 05:42:03,7,84.2498,-60.8861,273,0,20.2,72.2,0,19,115,4,3,68.8,238,1
2024-11-13 11:31:44,4,8.7621,-2.9218,492,1,21.6,78.3,0,58,122,8,3,61.2,202,0
2024-01-01 11:37:57,4,-59.0753,68.4886,303,2,24.6,68.6,1,50,213,5,0,97.1,297,0
2024-10-07 18:21:07,6,5.7218,-96.5806,270,2,28.1,73.6,0,57,283,1,0,92.3,122,0
2024-07-16 16:39:04,4,-38.3158,-38.3257,382,1,21.6,50.5,1,31,160,7,2,94.8,261,0
2024-04-13 17:33:52,4,-87.4042,-127.3269,197,1,23.3,53.5,2,41,259,8,2,91.3,211,1
2024-08-11 02:18:19,9,-77.3648,30.9744,368,2,25.0,60.7,0,37,382,4,2,82.8,225,0
2024-01-19 00:15:26,7,-73.0477,124.7969,223,2,19.5,55.6,0,23,154,3,2,62.9,217,0
2024-12-26 03:50:18,7,-27.576,-111.3158,340,0,25.9,75.3,1,18,424,6,2,67.3,287,1
2024-01-10 12:44:17,1,49.9465,-30.0236,355,1,20.2,51.3,0,49,323,3,0,72.6,100,0
2024-10-23 13:13:06,2,-50.6856,-9.6236,158,2,26.6,63.8,2,51,199,3,3,84.8,114,1
2024-07-31 19:53:22,1,84.1122,-87.899,126,0,25.1,58.0,1,47,291,6,1,92.3,123,1
2024-08-05 22:26:07,8,49.9197,79.4653,309,2,20.6,77.3,0,60,177,4,2,69.2,271,0
2024-02-14 00:45:03,1,-44.6254,44.0876,171,0,22.6,69.9,1,26,104,1,2,88.1,132,1
2024-12-14 00:45:10,6,-57.3005,-23.6888,403,2,29.6,63.0,0,12,197,3,3,83.8,228,0
2024-07-16 08:12:29,6,-47.5698,-81.3143,181,1,25.9,69.1,2,44,264,8,0,69.9,223,1
2024-12-08 09:52:23,7,-80.2675,-80.5726,472,0,23.0,68.0,2,34,365,2,1,87.8,294,1
2024-05-08 01:51:55,8,-70.3213,-61.9179,171,1,25.5,51.1,1,43,114,0,2,92.5,149,0
2024-07-20 13:33:43,6,48.2512,-106.6383,204,0,19.2,58.0,2,50,465,7,2,85.2,133,1
2024-10-24 14:59:52,4,-74.6749,-159.7164,254,2,26.7,51.3,1,11,378,7,3,90.6,208,0
2024-11-23 10:56:55,4,-46.0132,-8.5335,100,0,21.0,71.2,0,19,315,8,2,82.2,100,1
2024-04-18 08:51:00,0,9.3294,-71.5299,211,1,23.7,66.7,2,36,149,0,0,60.7,256,1
2024-08-11 04:43:30,9,5.0095,-113.8279,145,0,18.2,62.2,2,56,430,4,1,86.7,260,1
2024-10-09 13:29:04,6,-70.8094,75.1094,244,1,21.3,79.4,2,22,312,8,3,63.5,171,1
2024-12-21 15:26:10,0,-43.2472,163.3821,104,1,29.4,59.1,1,58,229,2,2,82.9,283,0
2024-01-21 23:13:40,5,28.1016,167.1982,356,2,18.4,75.2,0,32,291,5,3,90.7,206,0
2024-03-28 07:50:45,4,-56.2187,27.6037,114,2,26.8,62.1,2,55,334,5,3,85.2,202,1
2024-12-02 10:52:06,6,65.0538,-146.3887,404,1,19.0,76.2,2,54,230,3,3,83.7,171,1
2024-12-30 20:21:58,5,-30.299,153.4529,500,1,21.7,56.2,1,20,381,9,0,90.7,222,0
2024-09-12 11:42:11,5,72.7626,105.821,375,0,23.0,76.3,1,49,131,3,3,87.8,137,1
2024-10-24 23:03:49,8,61.8446,115.5236,361,2,22.3,66.8,2,60,157,3,1,79.8,247,1
2024-03-07 21:52:21,3,-31.1792,-46.048,239,0,26.6,51.6,1,33,333,1,1,95.1,277,1
2024-01-03 13:08:23,1,-43.2004,134.8572,191,2,24.0,59.7,0,51,268,7,3,97.0,111,0
2024-12-08 00:24:42,2,-79.6372,-111.7492,171,0,21.3,58.7,1,10,292,3,1,65.0,184,1
2024-09-13 08:58:09,5,66.838,-175.1681,113,0,28.9,56.3,2,22,417,5,2,60.8,142,1
2024-07-31 22:16:07,4,13.7736,12.9911,298,2,18.8,79.5,1,51,393,3,1,74.6,110,0
2024-11-25 22:59:58,8,-66.2696,-82.0579,184,1,26.0,59.6,2,34,235,5,0,66.7,299,1
2024-05-30 15:40:45,4,5.1238,-67.8583,298,1,18.9,65.9,1,41,269,1,3,64.8,234,0
2024-03-05 20:59:12,3,-85.8715,-162.7167,439,0,25.1,66.1,0,46,151,3,3,79.2,209,1
2024-08-20 15:30:04,3,86.2679,-50.7895,142,0,28.0,67.2,2,49,458,7,1,92.5,224,1
2024-09-19 12:19:09,6,21.3104,-80.5292,202,1,18.5,69.5,2,54,261,2,3,62.5,213,1
2024-03-02 15:37:45,3,-2.2841,23.4152,418,0,29.6,67.4,2,54,199,8,1,99.9,215,1
2024-02-24 23:02:05,4,-23.4709,54.5265,458,0,23.3,58.6,2,43,372,9,0,92.9,262,1
2024-03-05 11:20:37,8,44.5052,-178.7281,313,2,18.7,74.7,2,16,284,2,0,69.0,105,1
2024-03-04 23:34:51,9,-8.1413,92.8681,457,0,18.2,62.6,1,18,217,8,3,97.8,199,1
2024-06-30 04:33:59,2,0.7118,108.5142,298,1,27.8,76.9,2,18,414,4,3,72.2,164,1
2024-12-02 10:19:46,4,43.2255,-143.0415,106,0,23.7,74.7,2,14,442,3,0,83.6,276,1
2024-08-14 11:03:17,6,61.8047,-72.1219,293,1,28.5,59.3,0,50,168,3,2,67.2,199,0
2024-09-13 03:11:29,9,-42.6929,46.2525,301,0,19.2,57.6,2,16,256,5,3,65.4,148,1
2024-12-29 18:21:59,0,-78.0755,-11.8927,287,2,25.2,51.8,1,34,399,1,0,85.0,124,0
2024-11-19 13:53:15,5,65.5547,-128.3673,237,2,23.4,53.3,1,38,109,1,0,87.9,157,0
2024-05-27 07:26:13,0,-19.5574,-65.5493,258,2,25.2,67.6,0,32,484,6,1,98.8,191,0
2024-11-19 20:03:10,3,17.7083,-162.0043,480,2,27.1,76.3,2,22,497,8,1,74.9,183,1
2024-09-18 23:04:24,8,-52.1686,-175.6269,441,2,22.6,53.3,0,29,343,2,0,86.5,172,0
2024-12-16 02:17:00,6,-84.2375,76.9339,346,2,21.6,65.2,0,43,402,7,1,96.4,157,0
2024-09-29 19:01:01,2,-7.599,-78.7489,205,2,23.6,76.2,2,41,324,1,3,73.8,153,1
2024-03-29 01:23:19,2,36.621,97.2194,477,0,25.1,50.3,1,32,297,6,1,96.4,212,1
2024-07-26 10:09:34,9,-7.9899,-23.5723,355,0,19.8,60.9,0,24,226,8,2,62.8,243,1
2024-12-19 10:36:22,4,-68.5749,106.2112,148,1,23.3,59.1,1,53,161,9,2,65.7,189,0
2024-06-14 10:30:32,6,-86.6472,76.1641,190,0,27.8,62.2,1,41,238,1,3,90.2,122,1
2024-01-06 05:22:59,1,-20.073,169.5863,356,0,24.8,70.0,1,37,345,2,1,84.0,245,1
2024-09-17 17:56:29,2,8.0303,137.6073,228,1,18.3,52.3,0,57,350,2,1,76.5,285,0
2024-12-29 17:13:45,6,-58.6706,162.7699,437,2,20.9,55.2,0,44,336,6,2,88.6,118,0
2024-11-30 16:53:31,1,63.6092,-40.4852,295,0,20.3,68.6,1,29,249,5,3,63.2,295,1
2024-10-20 11:54:15,3,69.9178,-25.7593,365,2,30.0,60.0,0,18,215,4,1,95.8,201,0
2024-06-08 16:49:23,1,27.3884,-85.6938,117,0,23.9,64.3,0,16,175,7,0,73.9,270,1
2024-09-11 09:02:01,6,5.5363,-6.3698,202,0,25.9,62.3,2,11,249,3,3,98.0,131,1
2024-11-08 14:19:44,1,-47.9174,-44.4673,408,0,29.9,58.9,2,25,390,7,3,61.5,117,1
2024-06-15 14:24:59,2,-58.2884,-53.9833,277,2,18.2,75.1,0,60,122,9,3,65.0,147,0
2024-05-16 01:51:29,1,44.4715,61.1203,430,0,25.0,53.4,1,30,251,3,0,77.6,119,1
2024-03-26 14:40:33,7,-73.5735,153.529,451,0,21.3,67.2,1,24,187,7,3,69.3,221,1
2024-04-05 15:36:59,8,-39.3967,15.6452,421,1,26.0,78.1,2,29,379,4,1,81.0,118,1
2024-11-13 03:59:13,9,-46.8183,81.9142,175,2,29.6,66.0,0,34,467,8,2,98.3,220,0
2024-06-13 01:08:32,2,57.3299,-54.7962,357,2,27.4,55.5,1,43,207,1,2,60.5,111,0
2024-01-21 09:04:01,9,86.1935,59.4987,419,1,26.5,56.2,1,15,277,1,2,68.3,280,0
2024-10-05 14:23:31,7,59.8543,-132.3865,455,1,19.8,67.6,0,22,301,2,1,68.2,254,0
2024-04-21 07:25:56,2,-41.7908,84.2001,438,0,24.3,78.8,1,33,322,6,2,79.0,206,1
2024-04-24 22:27:28,6,-3.7401,43.2693,497,2,28.2,68.2,1,47,184,5,1,63.8,251,0
2024-02-10 07:01:26,8,-27.0196,-24.081,410,2,29.8,76.2,1,52,152,1,0,76.6,149,0
2024-09-26 16:59:08,7,-53.7107,-60.5951,306,1,21.5,78.5,0,48,317,6,2,92.8,231,0
2024-08-09 14:23:12,3,65.9866,135.5421,209,0,18.6,69.6,2,50,357,9,1,92.9,125,1
2024-01-05 21:06:52,4,-77.8133,-89.1179,155,0,30.0,64.5,1,33,342,5,2,88.2,179,1
2024-11-30 06:40:13,3,22.3036,59.4689,318,0,25.8,79.5,1,11,161,9,3,90.0,191,1
2024-09-11 08:19:18,9,-10.2023,76.7946,422,1,23.8,62.4,0,10,158,3,1,84.7,294,0
2024-10-05 23:57:35,2,-9.1011,102.9819,450,2,22.8,58.7,1,45,421,8,3,90.0,240,0
2024-10-15 14:03:52,4,-85.2973,149.0859,221,1,21.6,67.7,2,39,430,5,1,71.9,286,1
2024-07-04 09:22:46,7,-13.1977,107.4226,271,1,18.7,75.4,0,37,210,9,1,72.0,120,0
2024-08-21 17:20:39,4,-77.327,-33.6001,402,0,18.7,59.6,1,16,454,0,1,62.9,274,1
2024-07-03 06:32:35,0,-36.3388,69.5488,119,2,24.4,68.2,2,60,125,2,3,81.6,106,1
2024-02-20 17:37:42,6,-35.4951,105.3877,385,1,26.1,68.3,0,38,114,5,2,64.6,190,0
2024-05-25 03:48:33,4,-50.7255,49.2993,443,1,23.6,66.6,1,42,333,8,1,93.1,143,0
2024-05-28 16:24:39,4,-85.6005,35.8883,271,2,23.6,74.2,0,30,214,4,1,72.1,132,0
2024-09-07 10:37:29,3,-15.3475,13.3516,133,0,29.4,51.6,0,31,485,2,2,90.1,172,1
2024-08-20 15:07:20,4,36.4573,-60.8255,388,0,23.1,64.8,1,23,329,0,0,89.2,296,1
2024-11-11 19:15:19,0,40.9268,-145.299,429,2,20.9,68.0,2,50,196,9,0,72.9,123,1
2024-05-27 08:38:06,6,-66.0724,48.2597,145,1,18.8,62.6,1,14,408,8,2,81.3,138,0
2024-04-05 18:56:43,0,24.1971,18.693,135,1,20.1,53.8,1,21,108,9,1,92.0,243,0
2024-07-23 15:08:30,5,46.8609,37.8235,442,0,22.2,65.4,1,33,492,4,2,86.4,145,1
2024-03-04 09:24:45,1,-56.7854,25.8691,342,1,27.2,55.1,2,22,326,1,3,64.4,300,1
2024-01-03 12:49:48,1,-35.4329,9.9153,308,0,25.2,52.5,2,19,475,7,0,95.0,206,1
2024-04-05 20:20:25,7,63.6965,-131.1519,358,0,21.6,61.7,0,23,127,5,3,85.7,199,1
2024-05-08 10:09:06,6,-43.4171,160.8423,128,0,23.0,69.7,0,30,462,7,3,76.7,105,1
2024-07-07 19:49:15,2,-82.7058,-62.704,426,0,24.2,75.7,0,51,303,9,0,94.1,160,1
2024-11-26 22:45:24,6,-75.3211,-58.7749,349,1,21.1,54.1,1,47,290,4,3,70.4,233,0
2024-01-04 03:12:31,4,-50.7085,-85.4515,173,2,23.1,56.0,2,50,440,2,0,73.4,289,1
2024-07-31 14:59:23,1,70.7101,-175.9865,184,0,24.5,54.9,1,23,159,6,1,60.2,120,1
2024-05-23 23:23:37,5,-71.1004,-147.757,318,0,25.5,64.3,2,15,215,7,1,69.1,158,1
2024-07-04 00:05:02,3,-76.8972,-3.6358,288,1,24.7,67.4,1,37,230,6,0,65.0,259,0
2024-08-18 23:25:47,6,39.7998,58.7461,317,1,18.5,66.0,2,36,465,0,0,68.0,180,1
2024-10-23 15:20:16,7,78.5954,-173.0016,122,2,26.7,73.2,0,37,128,8,3,81.4,174,0
2024-07-02 16:40:43,4,-53.5264,13.0019,291,1,24.2,67.0,2,29,431,8,1,90.1,172,1
2024-01-10 16:52:14,0,49.3049,-55.6493,199,1,23.4,64.4,2,59,476,9,1,81.3,123,1
2024-10-25 16:02:14,8,72.9981,12.4029,488,1,21.9,75.8,1,30,147,2,0,81.6,252,0
2024-02-27 21:46:02,0,80.4177,-39.9632,445,0,20.6,68.2,0,41,418,8,3,93.6,184,1
2024-08-06 04:29:22,2,-51.0247,1.8063,247,0,19.3,62.9,0,55,466,1,2,78.0,183,1
2024-09-09 18:54:20,4,5.2922,172.6376,351,2,29.7,52.1,0,41,330,7,2,94.5,108,0
2024-01-21 12:56:09,0,54.3099,-98.941,311,0,28.9,77.8,2,43,415,0,0,76.4,210,1
2024-10-23 21:11:00,5,-3.8161,-159.7257,495,1,29.5,50.6,1,58,179,2,0,72.3,245,0
2024-03-22 03:06:23,3,-69.8431,-171.5361,237,2,23.6,62.7,1,35,323,8,2,66.8,267,0
2024-09-07 01:58:48,2,9.3528,120.0011,290,1,28.7,72.6,0,45,151,7,1,81.7,280,0
2024-02-13 05:24:13,2,-74.3396,-150.6339,111,0,22.7,75.6,0,47,207,3,3,60.4,131,1
2024-01-30 15:36:36,2,-62.0623,133.8872,373,0,27.6,65.8,2,23,396,0,1,79.3,126,1
2024-03-06 06:10:28,1,-53.1354,-164.488,458,2,25.5,52.1,1,32,183,5,2,93.5,154,0
2024-10-31 07:46:12,4,85.0389,-138.3248,354,2,24.7,64.1,1,15,298,3,0,71.9,162,0
2024-06-21 10:02:05,3,48.9598,-160.9134,165,0,28.8,51.6,2,49,410,7,0,88.4,291,1
2024-07-25 17:59:38,8,44.3639,134.3967,471,0,19.8,55.2,0,36,369,5,0,94.7,183,1
2024-02-21 22:00:35,8,-33.1628,143.557,410,1,27.5,58.5,1,21,439,8,0,72.4,182,0
2024-06-22 06:59:47,8,-61.1518,140.8152,407,2,19.9,50.7,2,55,421,0,0,87.2,237,1
2024-02-09 21:00:56,1,-87.8115,97.0492,134,1,19.5,75.3,0,45,424,5,2,80.9,175,0
2024-12-16 00:30:52,1,-48.3575,115.8351,394,0,26.9,62.1,1,29,419,9,3,90.7,139,1
2024-03-22 23:53:31,1,-59.5674,11.3653,480,0,23.9,57.9,2,57,204,5,3,62.3,146,1
2024-07-26 08:02:20,7,-37.2055,79.4485,159,2,25.6,76.6,0,25,213,4,2,82.2,144,0
2024-04-11 04:50:12,8,38.1095,164.7654,131,0,19.1,73.3,2,10,353,2,2,89.4,149,1
2024-05-31 15:07:16,0,-20.0991,20.1825,224,0,20.2,58.9,2,34,166,5,0,84.6,105,1
2024-04-12 15:44:47,1,89.3898,-93.1034,120,1,22.6,56.4,0,60,151,8,2,69.9,194,0
2024-03-14 18:05:27,4,85.8393,74.4208,321,0,30.0,75.4,2,14,391,0,3,67.3,138,1
2024-08-09 21:10:15,0,29.5637,-162.339,238,1,26.6,50.9,2,59,160,0,0,76.8,233,1
2024-09-18 10:59:43,0,13.5274,-108.9153,297,2,18.1,77.3,0,22,376,9,3,80.2,168,0
2024-03-13 21:43:28,2,49.8896,46.7765,219,1,22.3,56.9,2,44,144,7,3,62.2,188,1
2024-08-17 04:39:18,3,61.9951,28.0639,204,2,29.8,58.9,2,10,484,2,2,93.0,238,1
2024-01-31 00:01:35,0,88.3545,123.8561,469,2,21.5,52.2,2,56,405,9,2,95.5,135,1
2024-02-27 17:30:37,9,-1.4258,112.8174,146,0,24.2,72.4,0,22,321,8,0,88.2,190,1
2024-09-22 00:34:04,3,-18.3801,-175.0496,215,1,18.9,63.4,2,57,382,3,2,71.2,274,1
2024-10-03 07:58:45,3,72.6206,46.1393,454,2,22.8,73.3,2,45,276,4,2,87.4,261,1
2024-08-14 19:26:01,4,-10.0844,-0.6042,145,1,29.2,67.3,0,36,230,3,1,85.3,269,0
2024-12-24 21:30:03,1,73.6225,125.9589,410,1,18.8,78.0,2,35,228,1,0,92.1,111,1
2024-07-16 21:14:02,4,-67.5109,-162.0537,350,0,21.8,60.4,0,15,238,2,2,81.1,300,1
2024-12-01 17:38:54,0,-4.42,-44.1619,474,0,29.5,51.1,1,34,136,7,3,67.8,268,1
2024-10-08 12:36:02,0,-31.9299,48.9536,357,1,20.9,50.9,1,30,495,0,2,65.6,288,0
2024-05-27 19:21:26,0,-84.5861,-56.9044,171,2,28.8,59.3,0,56,437,9,3,99.6,235,0
2024-03-21 22:22:44,3,-20.6577,-86.8013,137,1,24.0,78.0,2,29,425,6,2,69.4,270,1
2024-05-04 10:52:10,3,-56.5959,153.5316,147,1,24.9,67.6,2,57,157,3,1,62.1,261,1
2024-05-11 12:13:27,5,20.6546,79.9499,194,2,22.9,69.7,0,11,140,3,2,84.7,293,0
2024-12-28 20:25:19,5,-19.7553,54.2697,291,0,24.1,70.8,2,25,414,7,3,99.4,225,1
2024-04-06 01:48:36,3,68.0702,98.5995,176,1,29.5,61.9,0,31,306,5,2,73.5,217,0
2024-08-12 10:11:42,4,25.964,-133.3578,240,2,27.4,72.9,1,29,272,7,0,72.3,106,0
2024-02-08 10:12:13,0,-86.701,-140.0339,412,0,23.8,71.6,2,54,301,5,2,76.8,183,1
2024-10-02 18:31:19,2,-35.9441,-133.4183,359,1,22.6,72.9,0,60,142,3,1,78.5,255,0
2024-11-25 18:46:06,8,62.9176,116.017,491,2,20.6,74.7,1,16,183,6,2,60.3,273,0
2024-03-28 14:33:39,3,69.7549,-126.8123,130,0,29.9,65.0,1,50,385,9,1,72.6,106,1
2024-12-14 12:42:18,8,-0.5355,120.9793,336,2,22.1,75.2,1,33,443,4,0,73.2,186,0
2024-03-13 18:47:10,9,57.9277,-106.3278,330,2,29.5,68.5,0,14,358,0,0,70.0,283,0
2024-02-28 00:53:35,6,-86.177,112.1068,118,2,25.1,59.5,0,36,200,0,3,80.6,239,0
2024-10-18 21:26:27,2,-9.2728,-173.0699,147,2,21.6,52.0,0,24,187,6,1,71.0,173,0
2024-01-11 03:09:35,3,-84.3224,76.1163,258,1,23.3,71.8,2,20,466,6,1,80.6,277,1
2024-09-25 09:44:50,7,-27.8806,-32.4778,315,0,21.7,54.9,2,51,479,6,1,83.7,293,1
2024-06-26 20:47:39,8,-48.8409,171.332,233,0,25.3,52.8,1,19,123,6,2,92.3,192,1
2024-02-24 07:23:53,4,28.627,162.8857,282,1,18.4,68.8,2,16,281,3,0,78.8,285,1
2024-02-04 20:41:18,2,-7.2601,52.512,117,0,28.0,73.9,2,55,156,9,2,63.7,277,1
2024-02-28 18:13:16,0,-16.8576,-8.0033,242,2,23.7,56.0,1,41,190,4,1,61.8,265,0
2024-04-27 15:33:04,8,-42.1652,-40.9587,497,1,24.1,77.5,0,39,319,9,1,60.0,224,0
2024-10-27 00:36:59,1,4.2073,-152.132,384,0,25.6,78.8,1,52,161,9,0,83.6,161,1
2024-01-08 09:23:32,9,7.8031,43.4739,258,1,26.8,60.5,0,12,413,7,2,86.9,207,0
2024-04-01 18:35:37,4,-6.8792,165.0017,258,1,29.4,66.1,2,54,395,1,0,71.4,256,1
2024-03-05 12:35:28,7,60.6073,74.3625,291,2,26.9,52.3,2,34,253,1,1,94.9,228,1
2024-08-22 06:38:15,9,-87.2317,143.0006,135,0,29.0,62.2,2,24,155,2,0,69.4,196,1
2024-01-20 14:38:55,1,38.825,-51.8451,437,0,23.3,61.6,2,45,177,4,0,93.3,106,1
2024-07-06 18:05:23,9,-53.5255,-1.9486,441,0,23.1,57.1,0,55,490,9,2,65.1,289,1
2024-05-12 20:36:13,6,71.1182,-120.1134,268,0,20.3,78.1,1,30,102,5,2,91.7,132,1
2024-11-20 15:27:33,2,-78.4902,-101.3255,142,0,24.0,51.6,0,40,160,6,3,70.0,276,1
2024-08-14 18:56:46,9,35.0933,-170.9221,264,2,25.3,55.2,0,51,213,9,0,85.5,173,0
2024-10-02 10:12:30,3,67.0296,-18.7078,426,0,25.3,56.8,0,15,241,4,1,83.5,224,1
2024-04-04 17:32:05,8,-29.6573,-37.6029,214,0,24.3,56.9,0,35,497,5,2,70.2,111,1
2024-01-08 21:16:45,5,-9.1109,76.762,123,1,19.3,63.4,1,35,303,2,3,64.9,240,0
2024-04-02 22:44:27,7,50.7076,-21.7653,295,2,22.2,64.9,2,19,385,8,2,77.1,235,1
2024-04-09 22:12:14,5,48.352,-54.56,378,2,23.3,78.7,0,17,364,7,0,96.1,230,0
2024-07-08 11:01:23,4,-39.7867,81.5636,209,0,19.3,51.0,1,18,443,1,0,91.5,213,1
2024-03-21 10:50:41,6,36.5436,71.7597,325,0,28.8,55.0,0,56,316,3,2,77.8,300,1
2024-11-22 22:18:41,6,32.8663,-79.992,362,0,21.7,54.6,2,22,441,2,3,74.6,194,1
2024-04-24 00:08:50,4,-0.1019,99.8069,451,1,27.5,56.7,0,23,446,5,1,62.1,203,0
2024-06-05 08:51:03,9,-56.8231,71.5841,201,2,27.5,53.1,0,10,169,2,3,65.1,242,0
2024-03-01 10:10:16,3,-61.9668,113.8899,442,0,23.6,58.1,0,47,165,0,1,93.3,191,1
2024-07-06 21:09:27,0,-63.8035,61.4571,274,2,19.3,70.3,1,26,404,6,2,81.0,141,0
2024-11-28 16:05:59,5,-31.7275,-28.5676,180,2,24.9,68.9,0,14,189,2,1,89.4,275,0
2024-03-23 21:22:31,0,69.9959,-10.5335,213,0,22.8,65.0,1,51,361,5,3,74.5,274,1
2024-04-24 05:44:05,1,-63.1722,145.3756,353,2,22.0,66.8,2,27,327,8,1,71.2,146,1
2024-06-11 04:47:07,8,35.7913,6.3765,495,1,20.6,71.5,2,32,166,1,2,62.5,282,1
2024-08-12 00:54:08,0,-58.8531,45.0498,162,0,21.3,76.8,1,53,164,2,3,61.6,104,1
2024-05-31 03:05:32,3,49.4007,-106.1531,252,0,28.0,66.5,1,44,298,5,1,72.8,150,1
2024-04-05 10:26:33,2,8.4222,-69.7522,361,1,19.5,78.6,0,21,358,8,2,93.0,235,0
2024-12-12 16:21:04,6,-6.5166,-143.3822,115,1,29.3,65.1,2,32,445,0,2,79.4,123,1
2024-02-11 08:18:06,3,-43.1797,-64.4769,172,1,22.5,69.7,2,55,216,8,2,72.1,106,1
2024-10-11 15:23:47,8,45.047,69.7014,403,2,28.2,76.1,2,51,457,6,1,73.9,229,1
2024-06-27 16:27:20,2,-15.8011,138.7785,426,2,22.0,73.1,0,29,392,4,3,94.6,236,0
2024-09-10 19:47:25,7,-30.8564,26.7562,368,0,26.6,74.9,1,28,341,5,3,97.1,217,1
2024-07-02 13:06:51,9,16.0296,-36.3349,173,0,24.9,58.1,0,34,287,8,0,96.8,131,1
2024-08-31 20:18:57,9,81.3962,-79.6193,371,2,22.9,67.2,2,35,121,7,2,90.9,213,1
2024-07-13 00:23:59,4,77.5436,-156.2479,199,0,28.5,68.8,2,18,201,1,0,71.2,181,1
2024-07-09 10:12:42,4,51.8047,66.0193,319,2,22.3,50.8,0,52,188,7,1,66.4,153,0
2024-05-06 23:58:14,4,37.5523,145.1973,437,2,29.1,76.5,0,46,122,9,3,73.6,111,0
2024-01-07 15:00:38,9,30.5875,132.7309,203,0,19.2,63.6,2,31,123,8,0,84.1,270,1
2024-03-08 18:02:46,8,-86.9276,120.7534,466,2,26.3,70.4,2,53,291,7,2,62.1,287,1
2024-03-04 09:26:19,8,-44.6569,129.8625,418,2,22.9,62.0,1,26,405,0,3,62.3,124,0
2024-10-12 07:07:08,7,53.8186,-158.4252,124,0,26.7,50.1,0,10,460,4,0,69.4,130,1
2024-08-07 05:17:08,0,26.0226,103.2098,322,0,25.0,57.7,0,15,190,3,1,86.8,159,1
2024-03-27 21:00:44,8,14.1508,-54.4659,351,1,25.1,74.2,2,54,223,8,1,62.2,267,1
2024-10-03 07:39:13,4,22.8356,-12.873,350,2,27.0,66.7,1,56,207,1,0,64.0,248,0
2024-06-24 01:25:10,7,79.2334,166.4549,179,1,20.6,53.6,2,36,480,6,0,72.1,246,1
2024-01-30 08:32:53,6,-9.0289,-69.4256,338,1,27.3,70.1,2,29,129,0,3,82.4,281,1
2024-01-15 07:48:38,1,71.2228,-86.3993,334,1,28.9,62.8,0,15,106,4,2,97.2,127,0
2024-12-30 08:15:46,1,-29.6864,-88.6901,411,2,19.0,55.4,0,14,409,6,3,94.5,192,0
2024-08-01 21:42:48,7,-19.5759,-39.5531,481,0,22.8,74.7,1,42,157,0,2,65.2,259,1
2024-05-17 19:53:30,2,81.1,113.2247,224,0,26.4,75.4,1,23,234,3,0,86.6,131,1
2024-02-04 05:26:36,8,32.7849,30.955,377,0,19.5,51.0,1,11,226,7,2,64.1,266,1
2024-07-18 13:12:46,7,49.048,4.8896,283,0,19.6,75.5,2,49,496,5,2,78.9,130,1
2024-01-01 17:34:48,1,-13.9612,89.5342,174,0,20.2,74.2,1,49,403,4,3,83.5,227,1
2024-09-08 14:29:17,4,64.4113,-121.7647,440,1,20.4,62.4,0,35,199,9,3,80.3,269,0
2024-02-26 03:25:37,2,-77.7986,-155.4098,497,0,21.8,71.3,2,22,424,1,2,79.8,168,1
2024-04-16 04:37:24,7,16.2591,175.1485,337,1,21.1,64.4,1,49,226,1,1,89.6,298,0
2024-12-11 17:39:51,1,30.6749,78.4743,315,1,21.4,62.6,2,27,482,8,1,77.2,153,1
2024-09-16 12:46:13,7,-18.0675,76.7802,219,1,18.1,64.6,0,24,179,7,2,83.3,202,0
2024-01-23 18:52:56,8,-89.7784,-163.7965,247,0,28.3,76.2,0,53,190,9,0,93.6,111,1
2024-03-28 07:21:29,9,-30.5476,63.5282,148,0,19.0,50.3,1,50,481,1,0,87.3,243,1
2024-04-28 03:36:13,6,-16.8317,-114.4787,205,2,23.4,61.4,0,31,279,1,1,79.1,118,0
2024-04-12 19:45:26,2,42.6126,-69.5408,243,2,28.9,57.8,0,33,277,9,1,84.4,151,0
2024-12-30 02:31:31,8,44.5289,31.1002,226,0,21.0,69.4,1,27,406,4,3,99.9,285,1
2024-07-31 17:11:19,2,84.7161,77.1114,350,1,23.7,59.8,1,42,188,9,3,98.6,248,0
2024-01-04 19:58:15,4,-64.0954,-155.4074,272,0,23.4,57.2,0,51,419,5,0,63.1,159,1
2024-02-05 00:48:18,2,20.3388,-109.3313,378,2,21.0,60.8,2,30,318,2,2,84.8,181,1
2024-09-27 17:22:08,1,-14.5017,-20.1486,127,0,23.7,51.2,2,38,463,0,1,78.9,272,1
2024-10-07 14:26:04,4,-35.3643,134.8909,275,2,23.0,55.7,0,39,264,0,0,64.4,281,0
2024-01-09 23:18:24,7,1.3295,83.6357,483,0,28.6,72.4,0,51,243,0,1,73.7,167,1
2024-01-01 18:29:17,3,88.7652,-178.2706,179,0,25.5,70.9,1,12,427,8,3,60.3,157,1
2024-12-18 08:24:56,3,54.493,24.5979,325,1,26.4,53.7,1,49,495,2,2,79.5,145,0
2024-01-16 09:47:08,1,49.7431,156.3216,256,1,22.3,66.3,2,10,462,0,2,95.5,276,1
2024-09-12 03:14:24,4,-86.9357,-84.9718,405,2,20.5,55.6,2,25,442,3,1,70.5,269,1
2024-11-16 01:47:31,5,-59.6078,157.02,428,0,23.5,67.3,2,33,152,7,3,71.3,300,1
2024-05-22 04:50:14,0,-10.9298,-89.0306,247,0,18.3,56.7,2,60,194,5,3,66.8,192,1
2024-06-03 20:17:37,8,-54.3571,-133.1938,276,1,19.6,53.4,2,38,408,1,1,89.2,118,1
2024-03-17 00:18:41,8,-82.1754,-169.4219,410,1,25.0,72.9,0,21,306,1,1,71.2,132,0
2024-07-21 09:43:53,0,-11.3631,83.0819,449,1,28.8,76.2,0,31,234,7,1,91.7,129,0
2024-04-05 06:44:52,6,-48.3838,-163.1177,403,1,19.4,70.3,0,43,238,4,0,79.7,202,0
2024-01-16 17:28:55,7,7.0557,-122.6525,380,0,27.1,71.5,0,23,373,2,0,97.1,286,1
2024-12-18 01:23:54,5,-1.0776,51.9075,417,2,27.0,62.8,2,33,373,0,2,74.1,122,1
2024-12-18 14:40:09,0,-81.5733,-17.3787,169,0,28.4,74.4,2,53,342,5,1,98.1,179,1
2024-03-04 09:04:38,7,75.2109,170.3371,382,0,22.2,63.2,0,12,467,5,3,80.6,210,1
2024-11-08 02:08:22,6,-21.4288,-164.2915,404,0,18.8,69.3,1,59,307,9,2,67.7,223,1
2024-05-22 03:32:11,8,-49.145,-120.0898,399,0,20.1,74.2,1,54,317,7,0,88.2,143,1
2024-07-16 02:28:08,0,-87.3835,60.4609,271,1,24.6,73.0,1,53,382,2,3,94.1,166,0
2024-01-20 21:06:05,0,69.6413,1.4327,332,0,18.8,74.7,2,16,279,1,3,61.8,289,1
2024-04-16 03:03:08,5,19.9466,-104.4665,445,1,25.7,50.8,2,28,414,1,2,75.5,140,1
2024-02-07 04:52:21,6,19.5573,171.8697,426,2,23.6,58.0,2,47,263,0,1,92.9,136,1
2024-01-16 04:10:14,6,-46.9621,87.6972,419,2,27.0,56.7,1,25,378,1,3,74.3,212,0
2024-01-12 02:20:39,4,-34.4433,-4.0669,128,0,29.0,71.0,1,12,404,7,1,81.3,272,1
2024-10-16 20:45:23,9,-7.8199,-78.215,200,2,19.2,67.7,2,11,349,5,3,73.6,299,1
2024-08-01 09:16:16,8,11.6611,44.7505,434,1,29.4,76.3,2,30,166,0,3,94.6,220,1
2024-01-13 21:07:39,0,-12.4175,135.9866,339,0,26.4,73.8,0,58,488,2,3,89.3,299,1
2024-03-27 04:33:58,1,-79.3451,-52.5151,224,1,19.0,79.9,2,17,139,3,2,96.1,279,1
2024-03-15 14:48:46,1,24.4216,-7.0649,387,0,18.4,79.5,0,17,456,1,2,65.9,155,1
2024-04-25 10:07:09,8,71.7196,-107.3427,146,0,26.0,57.2,0,47,188,3,0,76.0,131,1
2024-08-20 01:28:08,4,-69.6585,23.6323,177,2,18.6,74.5,2,16,429,0,1,72.4,132,1
2024-07-02 13:50:19,0,67.365,71.5047,316,0,26.4,60.0,1,36,274,0,2,68.2,218,1
2024-07-06 13:05:43,9,-31.9611,-75.8092,458,2,25.0,79.6,2,56,303,0,3,73.8,206,1
2024-06-16 11:37:07,4,-82.4812,139.058,481,1,24.0,72.5,1,34,152,3,0,79.8,299,0
2024-06-12 09:44:35,5,25.3254,132.6264,231,1,19.4,66.6,2,32,289,7,0,77.6,240,1
2024-07-20 20:03:39,5,40.7401,110.4737,129,1,19.2,77.9,1,11,448,3,3,68.9,132,0
2024-10-16 14:41:08,0,-53.779,30.8863,398,1,29.1,75.3,1,58,172,0,1,99.3,194,0
2024-09-02 03:17:19,5,-39.3791,-53.1316,149,0,19.8,51.3,2,24,386,5,0,87.2,208,1
2024-07-20 16:26:17,5,46.2788,41.3453,338,2,20.6,65.0,1,56,421,1,0,86.9,142,0
2024-08-19 00:05:12,7,-65.9199,-160.2292,252,2,27.1,59.8,1,53,457,7,1,95.4,273,0
2024-03-04 10:19:51,5,-32.2707,98.1472,330,1,26.5,59.2,0,51,274,2,1,69.1,139,0
2024-10-01 07:42:57,5,73.392,-62.3138,464,0,28.2,61.4,2,20,177,2,2,60.3,279,1
2024-02-02 12:51:41,8,77.7678,-165.1979,141,0,27.7,55.0,0,12,432,9,0,87.5,278,1
2024-10-31 06:24:27,5,-2.8228,75.2804,463,2,19.5,64.4,1,32,244,0,1,69.8,294,0
2024-12-01 04:41:08,8,-74.278,137.456,223,2,25.2,54.1,1,45,121,0,0,85.9,153,0
2024-03-15 02:17:56,1,-21.5797,129.7599,301,2,18.5,75.3,0,39,140,5,2,78.5,208,0
2024-03-05 22:52:24,1,35.9521,5.775,195,1,26.9,79.8,0,57,190,1,1,60.6,235,0
2024-10-26 23:46:59,7,-8.7267,-140.3988,310,1,23.8,72.4,0,53,277,3,0,91.3,122,0
2024-03-17 17:11:29,2,-56.1219,135.4235,100,2,23.6,64.3,1,29,276,4,0,89.1,198,0
2024-01-13 15:51:27,0,23.2259,110.6901,147,2,18.7,68.5,2,25,439,8,3,75.2,266,1
2024-05-30 23:00:59,9,-53.6993,79.0096,251,0,22.8,62.9,2,52,173,2,0,72.9,268,1
2024-07-31 22:57:20,7,-3.822,-40.3169,108,1,26.6,61.7,1,47,122,6,2,64.6,116,0
2024-06-13 04:47:01,6,-48.053,-175.0849,340,2,27.9,69.1,0,32,162,1,2,90.9,300,0
2024-07-06 15:59:22,3,68.132,-51.5071,167,0,21.6,54.6,0,46,240,9,2,60.5,278,1
2024-02-28 12:30:38,3,-80.4289,177.558,488,1,24.9,79.2,2,52,290,9,1,82.5,248,1
2024-03-22 06:45:28,8,42.9526,146.6224,330,1,24.4,79.5,0,19,110,6,3,66.3,109,0
2024-01-29 19:22:37,9,-40.5556,55.0777,177,1,25.6,71.9,1,20,193,5,0,95.5,182,0
2024-07-09 02:11:05,4,-12.7845,-147.2449,132,1,22.9,66.5,0,35,209,5,0,94.3,122,0
2024-06-20 13:30:09,6,-63.6304,164.185,208,0,22.5,65.9,2,38,462,6,2,83.1,193,1
2024-06-01 00:41:56,6,21.8816,128.7922,348,0,25.8,62.9,1,24,352,5,2,96.5,164,1
2024-03-23 20:27:30,4,-85.9619,103.5733,156,2,19.4,75.2,2,44,135,0,2,66.6,108,1
2024-04-18 04:50:13,5,-36.6154,-46.3008,468,1,26.6,59.0,2,16,144,3,2,86.8,276,1
2024-06-26 09:25:46,7,-85.0916,68.3039,142,0,28.4,67.3,1,30,181,5,2,84.3,104,1
2024-02-04 01:08:26,1,-13.6168,-165.0825,349,2,21.1,55.1,2,13,453,9,2,65.1,111,1
2024-04-01 16:27:12,4,42.6032,146.1485,226,1,23.9,61.2,2,13,211,1,0,67.5,232,1
2024-08-14 21:28:50,2,86.8195,-21.0786,481,2,22.4,77.9,1,25,143,7,1,71.4,124,0
2024-10-03 18:21:52,5,-82.6294,-72.3332,448,1,20.1,65.7,0,20,180,6,0,61.7,253,0
2024-03-25 12:22:10,5,41.9728,81.4274,441,0,18.9,67.0,1,48,359,7,0,76.0,300,1
2024-09-12 22:46:47,1,-7.3863,-44.8767,470,1,25.1,70.3,2,11,417,2,0,76.5,126,1
2024-05-03 22:24:53,1,-21.2573,12.4574,459,2,26.4,50.6,2,17,222,8,1,94.9,265,1
2024-05-27 09:56:34,6,-33.9378,-176.3102,324,2,27.7,54.8,0,46,344,9,1,70.7,105,0
2024-05-25 08:35:36,8,23.9115,179.0046,194,0,24.9,57.9,1,10,220,2,3,77.3,172,1
2024-03-20 08:55:41,9,-80.5196,-2.9668,334,1,22.8,61.1,0,52,389,1,1,88.0,123,0
2024-05-23 15:33:36,2,45.8603,148.4775,179,1,25.5,75.8,0,19,139,8,1,83.5,282,0
2024-10-19 23:58:05,8,60.0491,-175.5019,401,0,27.1,67.2,1,51,487,2,2,86.3,238,1
2024-04-11 04:39:16,1,-33.9528,-54.2201,384,2,24.2,72.5,2,50,131,2,2,80.1,141,1
2024-03-10 06:12:13,9,7.9549,-109.2897,434,1,22.0,69.2,2,17,233,9,3,63.4,138,1
2024-12-28 10:46:03,1,-6.9237,20.9631,366,0,18.7,59.1,1,39,466,5,1,82.7,109,1
2024-05-06 07:22:22,3,-80.5883,-167.4673,269,2,27.7,57.5,1,54,288,5,3,89.8,116,0
2024-01-17 04:29:26,0,-60.3563,95.7232,292,1,22.7,61.0,0,42,358,8,0,77.7,256,0
2024-09-28 01:41:47,6,-83.3207,19.9119,288,1,25.4,62.0,0,54,154,1,1,71.9,211,0
2024-03-06 02:39:46,8,-54.4964,-93.8603,286,1,20.7,59.0,2,43,387,3,1,60.7,134,1
2024-08-16 05:55:39,7,66.5399,160.551,155,0,24.0,72.4,1,28,398,5,1,63.8,278,1
2024-08-07 09:39:53,8,16.1144,-24.4118,488,1,26.5,66.6,2,41,104,0,0,67.1,151,1
2024-04-30 20:36:22,8,-84.9601,17.4992,386,2,21.8,79.7,1,15,463,0,1,75.0,224,0
2024-07-03 12:38:53,3,-62.6441,-34.4446,153,1,20.7,55.3,1,55,304,7,3,79.5,147,0
2024-04-27 09:13:01,5,82.9727,171.1469,317,0,26.5,52.7,2,37,427,1,1,69.9,233,1
2024-12-11 16:22:11,5,-50.8081,11.3148,281,2,28.0,73.5,1,43,390,4,0,86.4,153,0
2024-04-30 19:31:45,8,67.8612,174.7961,473,0,24.8,61.7,2,19,360,9,2,97.3,186,1
2024-03-26 15:40:51,7,52.0415,-64.6403,221,1,25.2,68.5,1,41,101,8,3,99.3,287,0
2024-02-19 23:24:03,2,-74.9003,146.0765,276,2,29.2,77.1,0,39,483,6,3,71.5,157,0
2024-09-15 01:08:22,5,-10.7414,-56.5849,331,1,21.6,61.2,2,24,450,7,1,64.4,123,1
2024-05-07 12:49:54,2,77.436,42.529,249,1,24.3,78.8,2,13,125,1,0,78.7,165,1
2024-06-30 04:50:57,0,-39.701,158.9084,379,0,23.8,78.8,1,22,361,4,2,89.3,112,1
2024-11-08 03:31:33,1,65.9337,130.6003,489,2,18.4,59.9,1,28,136,8,1,74.3,272,0
2024-09-27 15:16:09,8,-3.7749,-110.6148,211,2,19.8,52.8,2,23,423,0,1,80.6,185,1
2024-10-26 22:42:24,8,-22.1627,-58.0963,454,2,18.9,50.9,1,45,230,6,2,70.2,116,0
2024-09-23 14:50:23,1,-7.7974,-150.3367,427,2,23.9,56.2,2,31,443,2,3,89.0,148,1
2024-08-19 08:18:25,7,-47.9015,-121.4183,332,2,24.4,69.5,2,27,343,4,1,87.6,235,1
2024-10-20 12:32:47,0,64.0594,-102.2596,195,2,19.3,70.6,2,34,134,1,1,98.2,220,1
2024-07-27 09:16:20,9,38.5127,-17.3878,249,1,23.6,74.3,1,45,482,6,0,66.8,246,0
2024-11-26 11:25:34,4,53.447,-162.7863,274,0,22.0,51.1,2,38,175,3,1,64.0,271,1
2024-05-23 20:20:51,6,77.998,-97.0043,272,2,19.0,72.1,1,32,113,5,3,94.9,119,0
2024-08-26 13:29:17,0,-83.1143,74.21,214,0,27.0,55.0,0,18,319,2,0,67.0,127,1
2024-01-15 08:13:04,6,14.4593,157.9293,487,0,18.7,62.0,1,35,432,8,3,72.3,247,1
2024-10-11 10:29:57,1,-48.6056,-11.5509,420,0,29.9,64.6,2,34,282,9,0,79.4,134,1
2024-05-17 11:54:58,5,-11.6172,47.739,135,0,24.7,67.1,2,26,380,6,1,64.6,109,1
2024-08-16 22:23:42,0,17.7318,-166.4083,269,2,25.2,63.5,1,19,262,6,2,71.6,295,0
2024-08-22 09:00:38,2,-31.4958,-37.5932,419,1,21.0,74.2,0,29,386,8,1,95.1,186,0
2024-09-02 16:36:48,6,79.6896,84.1175,407,1,23.5,77.7,1,55,351,5,3,68.4,168,0
2024-12-16 12:03:58,9,-79.5331,-178.6658,331,2,24.2,74.0,1,60,225,7,3,61.0,142,0
2024-02-27 15:58:37,0,63.9549,-128.7581,444,2,20.8,63.9,2,38,203,0,2,73.7,201,1
2024-10-16 12:27:49,0,61.1522,5.9286,319,2,29.1,61.3,1,24,392,6,3,72.8,123,0
2024-04-27 12:02:57,1,-26.3913,-155.6326,402,1,21.0,66.3,0,52,306,9,2,70.1,251,0
2024-08-07 08:25:04,1,14.8779,-139.1721,269,0,19.0,73.6,0,50,307,2,0,68.1,102,1
2024-07-23 23:11:06,1,49.6418,-121.3862,318,2,22.5,59.3,2,18,331,8,3,97.3,273,1
2024-09-23 02:31:52,3,-48.6654,115.3562,388,1,24.6,74.3,1,29,461,0,0,68.1,159,0
2024-10-18 06:34:56,6,38.047,-80.0446,166,0,26.9,58.3,0,29,283,2,2,64.1,113,1
2024-04-23 08:06:46,1,9.8934,13.9028,338,1,28.7,65.6,2,45,348,7,1,96.1,230,1
2024-02-15 19:39:56,4,-43.0411,-154.0658,457,2,18.7,52.7,0,52,366,3,3,93.1,275,0
2024-06-17 14:27:56,6,-71.8307,-53.6072,274,1,21.5,74.0,2,23,448,4,0,74.7,200,1
2024-07-19 13:04:45,7,16.1221,79.0279,332,0,19.2,56.9,1,27,357,1,3,87.8,217,1
2024-09-30 14:31:08,4,1.3877,64.0078,388,2,27.4,50.6,1,58,401,4,0,81.4,196,0
2024-08-06 22:02:54,1,30.3691,-111.1134,377,1,18.2,51.7,1,34,306,7,1,87.9,139,0
2024-03-04 23:39:01,2,53.517,152.1576,265,1,23.5,78.4,0,60,107,2,2,62.4,237,0
2024-06-09 06:11:00,8,-20.984,-125.2428,316,0,19.8,70.6,1,18,194,3,0,95.8,240,1
2024-08-03 20:36:10,6,-59.8257,-2.9502,239,2,28.7,64.0,0,35,469,2,2,63.9,293,0
2024-04-14 08:17:18,3,-49.2845,40.5814,241,0,21.4,70.9,0,48,121,3,2,75.3,195,1
2024-07-28 07:33:03,1,88.2246,-148.6037,326,0,27.2,69.3,1,24,492,8,2,72.5,223,1
2024-09-13 12:35:37,2,-13.535,94.6256,357,1,24.0,76.1,1,39,339,8,1,97.8,146,0
2024-09-05 05:28:16,6,57.1287,148.1805,279,1,19.6,55.9,2,30,187,8,1,90.5,126,1
2024-01-02 07:22:55,2,-61.8546,43.8074,106,1,26.7,53.3,1,39,128,4,2,88.0,117,0
2024-11-08 05:03:59,7,9.0931,-155.6411,381,2,20.0,52.9,0,13,216,4,2,87.3,160,0
2024-11-15 06:42:17,7,-19.6632,-133.2353,416,1,20.5,61.9,1,51,172,0,2,75.5,112,0
2024-12-16 21:09:29,9,43.4429,-106.3154,147,0,19.0,73.2,1,60,260,4,0,77.2,216,1
2024-03-27 02:27:30,3,-24.6226,30.2486,277,2,28.1,55.1,0,44,111,2,2,91.8,282,0
2024-09-29 14:00:13,0,5.6237,177.8639,116,1,23.0,79.6,1,55,362,0,3,96.6,222,0
2024-10-08 14:00:54,7,-49.8421,-83.2963,324,1,22.2,62.9,2,50,365,6,2,95.8,210,1
2024-12-23 22:24:48,0,22.5359,82.6248,325,2,26.0,56.0,0,34,359,3,3,72.2,248,0
2024-06-03 09:40:42,1,30.8916,173.4833,245,1,22.0,61.2,1,22,480,5,2,89.3,284,0
2024-06-26 11:19:42,5,3.0051,-89.4957,424,1,23.2,50.2,0,55,385,8,2,83.2,228,0
2024-12-13 17:26:27,5,-9.8416,87.3444,467,0,26.5,62.1,2,54,222,1,1,97.3,259,1
2024-03-24 12:07:04,4,-84.6425,70.457,262,2,23.4,62.0,2,36,272,6,3,82.9,146,1
2024-09-17 03:48:24,7,1.8375,71.811,356,1,21.6,60.4,0,45,292,0,0,94.3,196,0
2024-09-23 17:43:36,6,-69.8671,-68.073,166,0,20.4,70.2,0,19,391,4,3,74.0,238,1
2024-11-19 04:06:22,4,72.8374,179.4522,349,2,25.6,53.9,2,26,189,8,2,77.1,285,1
2024-08-13 01:42:45,7,50.8775,-155.5478,338,1,26.8,68.3,1,45,458,8,0,76.7,191,0
2024-08-08 13:11:48,5,23.7118,-92.9098,273,1,19.9,63.6,0,27,265,7,2,77.0,243,0
2024-09-09 10:53:12,7,65.9641,85.9925,239,2,25.8,56.0,1,50,274,6,2,88.3,261,0
2024-11-27 09:05:44,9,41.7285,131.8376,278,1,22.8,52.9,2,18,104,3,1,71.2,190,1
2024-04-29 15:32:06,0,-79.2933,52.6196,412,0,20.2,65.0,0,14,230,1,0,72.9,249,1
2024-12-30 19:22:58,6,78.1285,162.4365,125,2,25.4,61.5,1,50,408,5,3,83.4,221,0
2024-12-19 21:18:37,8,56.5445,31.2501,404,1,24.7,74.2,2,23,459,0,1,71.7,127,1
2024-09-06 12:53:25,9,44.2451,-34.2571,392,1,29.1,51.3,0,35,434,6,3,70.8,249,0
2024-12-30 07:08:49,7,-27.8944,104.517,145,1,29.8,75.7,1,60,287,8,1,87.6,216,0
2024-11-16 16:38:18,4,77.0206,0.8221,485,0,24.6,50.3,2,11,155,0,0,84.9,161,1
2024-06-08 09:09:10,4,72.3311,-105.9002,312,0,19.1,52.0,1,50,263,1,3,87.6,123,1
2024-04-24 17:57:19,6,-30.4204,70.9998,286,2,25.1,56.2,1,50,408,9,1,99.3,148,0
2024-03-01 20:32:48,3,-71.5279,-171.9428,396,2,23.0,61.1,0,14,439,7,3,91.9,119,0
2024-02-23 18:40:35,0,-53.2492,-17.118,352,1,26.6,70.3,1,12,260,6,1,77.4,267,0
2024-09-25 05:14:38,7,-30.8076,-167.4756,410,1,28.4,52.7,1,48,352,7,2,95.5,213,0
2024-03-09 19:11:05,1,-44.764,-118.3579,484,0,22.8,53.7,0,18,176,3,2,73.7,131,1
2024-01-29 14:54:57,0,47.5743,144.998,152,2,18.7,68.6,0,51,483,1,2,87.8,163,0
2024-10-07 17:53:55,5,-23.2761,-88.0696,329,1,27.3,68.4,1,57,418,0,1,90.0,101,0
2024-10-17 15:23:46,3,-18.8295,76.8645,314,0,23.8,63.7,1,41,117,7,3,69.5,147,1
2024-01-30 00:58:41,3,58.3197,0.0698,121,2,27.2,71.1,1,44,340,7,3,74.6,286,0
2024-08-15 08:04:23,0,-84.8788,-37.2609,428,1,24.1,58.4,1,11,111,5,2,81.1,111,0
2024-02-06 09:01:38,1,28.387,33.4827,113,2,23.0,73.4,1,50,309,7,1,71.7,293,0
2024-01-08 14:39:40,7,87.018,-27.3053,201,0,27.9,64.4,0,30,198,6,2,93.9,276,1
2024-04-11 06:00:56,8,-9.7509,-86.2981,227,0,28.3,62.8,1,30,400,3,1,68.2,194,1
2024-03-20 21:32:29,2,79.8212,-21.6975,445,1,25.3,57.9,1,38,364,0,1,93.6,275,0
2024-04-29 10:31:08,2,33.0027,-70.5854,407,2,29.6,64.3,2,10,102,5,3,98.5,133,1
2024-12-20 11:12:28,8,-12.452,-174.3397,135,2,22.9,60.9,2,42,379,7,1,93.2,159,1
2024-07-05 18:54:49,0,-19.6171,-163.0539,160,1,22.3,69.7,1,37,255,6,1,66.8,170,0
2024-02-27 01:39:05,5,13.7939,25.2973,472,2,22.7,53.0,2,30,389,5,2,86.8,232,1
2024-10-11 19:36:19,1,-46.8643,158.7293,408,2,19.5,65.2,1,25,230,2,1,61.9,245,0
2024-12-28 10:23:37,4,-35.2452,78.2544,306,0,26.1,74.8,2,37,232,6,3,77.1,289,1
2024-01-28 02:18:52,3,17.5448,-68.5291,107,2,28.6,54.6,1,52,180,0,1,89.8,194,0
2024-10-11 05:31:10,2,-87.1408,-147.3922,155,1,26.9,75.0,1,25,446,4,0,96.8,176,0
2024-10-07 13:44:52,1,-73.5498,115.0268,414,1,26.8,73.9,2,14,130,0,0,86.9,267,1
2024-06-07 10:37:34,5,75.223,158.8602,177,0,19.9,58.4,0,57,335,4,2,98.6,283,1
2024-12-20 04:15:05,9,-40.8267,51.4673,118,1,26.8,65.4,1,21,475,0,0,96.9,165,0
2024-02-11 21:05:23,0,-80.2129,116.4288,438,2,25.0,65.2,1,49,421,2,3,82.4,273,0
2024-02-22 20:07:47,0,18.761,139.9566,154,0,26.8,56.0,0,13,413,7,1,73.8,220,1
2024-05-25 08:22:12,8,9.1346,9.0052,320,2,24.3,77.0,0,56,410,2,1,73.4,141,0
2024-07-03 12:21:01,0,-28.6942,-75.4244,402,0,20.3,56.6,1,52,149,3,2,82.6,158,1
2024-01-28 23:24:51,7,23.9592,-88.7602,443,1,18.9,68.8,0,36,159,1,2,86.3,171,0
2024-06-10 09:00:08,7,68.1545,43.8007,246,2,22.0,58.1,2,54,128,6,1,61.0,265,1
2024-03-08 23:13:09,9,76.0358,53.043,146,2,20.7,50.6,0,28,201,9,2,75.9,178,0
2024-07-27 10:13:09,0,-30.0307,157.1442,108,1,23.0,73.4,0,13,324,1,0,77.9,233,0
2024-09-10 19:41:42,0,-79.2584,125.5026,152,1,22.8,65.2,2,33,386,3,2,63.3,227,1
2024-04-27 03:04:28,1,-86.6606,29.6786,361,0,29.7,62.2,1,35,131,8,3,61.8,253,1
2024-04-22 22:47:46,2,-60.0975,-13.7518,495,2,23.8,69.8,2,22,487,8,2,86.1,108,1
2024-01-09 03:30:54,5,50.475,-168.8578,187,2,24.5,73.1,0,23,382,6,2,67.4,149,0
2024-12-09 09:35:15,3,20.9244,-59.3367,202,0,26.5,77.8,0,31,298,7,3,60.6,102,1
2024-03-07 03:32:02,4,-8.4784,117.2494,384,1,24.5,62.2,0,45,418,6,3,75.8,298,0
2024-08-04 03:11:01,8,-30.809,-126.7483,486,2,25.8,64.9,0,31,136,8,1,85.4,178,0
2024-12-10 18:38:52,8,17.9831,-135.1026,488,2,25.4,64.3,0,14,254,0,2,84.0,250,0
2024-11-17 12:35:32,8,-28.2385,-87.7617,244,0,29.1,67.2,2,18,118,4,1,70.5,290,1
2024-11-03 00:16:47,2,18.1994,40.5771,193,2,25.7,64.0,2,33,335,7,0,90.0,240,1
2024-10-20 02:07:47,7,-3.5038,21.9533,268,1,18.7,69.5,2,39,101,8,0,77.1,205,1
2024-01-09 21:49:29,2,88.528,-0.3595,375,0,19.2,72.9,1,58,119,6,3,96.9,213,1
2024-07-22 11:45:54,9,-24.7838,-21.176,465,2,28.0,59.6,0,51,305,9,0,96.9,153,0
2024-08-30 12:04:18,1,56.1373,82.4192,258,0,19.3,74.2,1,52,407,7,2,84.7,245,1
2024-11-20 18:45:34,0,-13.2882,-171.9473,254,1,27.3,71.7,1,38,279,9,1,91.5,111,0
2024-11-24 01:13:40,1,68.9345,172.152,456,2,20.9,71.2,0,46,414,9,0,90.6,280,0
2024-01-26 17:18:01,7,-80.9601,52.614,158,2,29.7,78.2,2,43,334,4,2,72.7,181,1
2024-07-23 23:58:44,5,57.2271,59.2588,158,0,25.9,51.3,1,46,308,6,3,64.6,115,1
2024-04-21 07:23:11,1,82.6307,-111.6216,260,1,23.2,56.3,0,57,329,6,0,77.9,258,0
2024-05-29 19:41:42,2,53.0221,110.4363,249,2,21.4,56.6,1,49,398,9,0,67.3,279,0
2024-02-15 12:50:05,6,21.6362,35.7292,224,0,28.3,69.0,0,20,445,5,3,60.1,259,1
2024-04-21 22:20:02,8,-0.5646,175.2938,162,1,29.4,65.9,1,40,262,1,1,61.5,298,0
2024-09-07 01:59:11,4,-53.9744,-52.4536,160,1,20.7,63.1,0,52,488,2,0,79.6,246,0
2024-04-26 07:24:41,8,70.9071,-64.7863,260,1,18.8,55.0,1,13,428,1,2,73.9,198,0
2024-03-23 13:50:53,7,-32.3196,-16.4458,245,2,23.3,59.8,0,28,142,4,3,80.7,160,0
2024-04-05 13:50:11,7,-9.6291,39.6506,495,1,25.1,75.5,1,39,234,0,3,74.8,203,0
2024-08-24 01:36:22,8,-69.5639,-74.6473,236,0,18.2,50.5,0,20,260,1,2,61.1,278,1
2024-11-07 04:03:32,9,49.043,-4.5352,259,1,21.3,79.3,1,49,276,1,3,99.1,259,0
2024-09-20 16:44:25,7,69.7608,-77.0188,227,1,27.6,68.1,1,60,399,0,1,64.1,126,0
2024-11-06 21:58:30,7,27.4034,-35.8705,204,2,20.5,60.2,0,26,460,4,3,66.9,231,0
2024-03-30 12:05:51,1,-31.4314,-110.7069,384,0,18.5,79.0,1,21,185,7,2,68.1,143,1
2024-05-24 00:02:16,6,63.5554,151.4083,187,0,18.9,60.3,0,34,223,0,2,85.3,197,1
2024-01-26 08:28:52,3,86.6663,-8.1036,302,1,19.5,64.5,1,38,149,9,3,69.0,213,0
2024-05-18 14:34:50,3,62.9549,134.6387,177,2,24.7,70.6,2,58,301,0,0,82.7,254,1
2024-05-19 11:10:13,2,57.555,179.2349,448,2,21.5,55.7,2,55,500,1,0,86.7,173,1
2024-10-19 16:07:51,5,-8.3428,-26.2702,197,2,22.9,71.9,0,18,387,8,3,71.0,140,0
2024-04-12 19:29:51,1,-51.6025,114.3963,428,2,28.6,77.7,2,14,175,8,1,96.2,115,1
2024-02-29 23:31:58,8,-30.946,-65.5352,435,0,24.7,75.3,2,41,245,1,2,87.1,232,1
2024-10-03 16:09:16,6,-47.3503,-100.2211,309,2,20.2,65.8,1,26,105,8,0,60.7,244,0
2024-07-12 10:13:28,9,29.2931,-63.656,346,1,21.5,60.1,0,17,370,8,3,70.8,259,0
2024-10-24 02:04:39,2,-67.4262,-107.5156,428,1,29.1,55.9,0,34,176,1,3,89.5,123,0
2024-03-21 11:55:45,5,82.8116,62.1983,106,1,21.6,79.3,0,51,120,8,2,96.2,228,0
2024-07-14 20:00:38,3,58.6218,133.4487,154,0,25.8,69.0,0,60,357,9,0,87.9,269,1
2024-11-23 19:15:58,1,-31.9959,164.6097,417,2,23.8,50.7,2,47,278,1,3,88.7,226,1
2024-09-26 10:33:52,5,84.8041,86.1533,438,0,20.6,79.3,2,37,431,4,0,71.7,246,1
2024-08-09 16:48:19,5,-11.147,-97.9335,106,0,29.6,62.0,2,54,410,8,2,62.3,111,1
2024-11-23 08:35:37,4,-9.8535,-164.784,147,0,27.5,51.6,0,15,496,3,1,68.4,238,1
2024-10-16 22:49:20,7,35.674,177.2099,248,1,23.0,72.3,2,35,256,2,1,99.2,296,1
2024-02-15 22:41:00,7,87.965,-109.0684,299,2,20.5,75.2,0,21,148,5,0,67.5,150,0
2024-06-15 02:50:21,7,68.1229,9.8155,382,1,20.6,72.8,2,10,128,0,2,79.2,157,1
2024-06-26 19:58:52,2,84.0215,75.4829,236,1,19.4,57.2,2,13,368,1,2,83.7,276,1
2024-12-01 12:38:57,4,73.9154,-123.8449,122,0,28.3,80.0,1,43,444,9,0,91.6,141,1
2024-07-31 03:43:10,1,56.2829,49.0292,201,2,24.4,50.8,2,13,367,1,3,88.3,174,1
2024-03-16 13:20:30,9,-89.0981,33.8294,226,2,18.6,77.9,2,30,252,9,3,67.3,145,1
2024-06-17 14:43:11,9,0.4055,97.6022,266,1,23.5,60.2,2,57,108,1,1,65.5,202,1
2024-01-26 05:00:06,8,29.7128,-51.8993,277,1,29.2,56.9,1,24,100,1,0,84.2,164,0
2024-03-09 09:56:32,4,76.8582,-8.4829,475,2,24.3,52.6,2,55,283,5,2,95.9,173,1
2024-08-28 07:23:00,8,-74.188,-176.0141,387,1,28.1,64.7,0,51,340,9,2,61.1,243,0
2024-01-13 18:59:02,6,14.1533,164.1186,286,2,25.0,68.4,2,50,382,4,2,71.9,283,1
2024-12-21 10:48:36,7,3.9786,-135.2219,367,0,27.0,55.1,2,47,449,8,0,99.7,109,1
2024-12-28 17:40:09,4,-40.9216,27.5281,371,0,27.4,50.9,0,40,463,7,2,90.7,144,1
2024-08-18 05:51:47,7,-58.4321,-90.5118,315,1,23.5,68.6,2,20,372,0,3,63.8,221,1
2024-09-09 05:33:17,6,41.7679,-95.8135,262,2,24.5,50.1,2,20,387,1,2,95.0,145,1
2024-10-01 09:21:06,7,61.9423,34.526,201,0,23.9,57.8,2,24,170,0,0,90.8,104,1
2024-10-14 10:21:17,4,46.9729,-36.5198,420,0,21.6,62.8,0,31,242,9,2,95.6,221,1
2024-06-13 00:29:04,0,44.2477,175.0702,143,1,21.6,64.1,1,32,307,9,1,64.0,168,0
2024-07-22 16:30:00,6,89.8701,73.6867,264,1,26.9,70.0,2,32,188,0,2,79.2,213,1
2024-04-30 04:58:58,5,-10.4792,-177.1239,479,1,23.7,77.9,1,56,276,6,2,83.7,272,0
2024-10-27 22:09:13,2,-71.0609,75.3714,347,2,21.0,63.1,1,35,382,4,3,74.8,275,0
2024-04-18 23:06:56,2,-76.791,18.3631,276,1,18.0,64.3,2,10,361,4,3,88.6,242,1
2024-09-18 19:39:24,8,59.8356,-114.4198,157,0,18.7,73.6,0,55,323,8,0,81.3,141,1
